Date,energy,material,industrial,consumer_discretionary,consumer_staple,health_care,financial,IT,telecom,utility,real_estate
2002/3/31,0.066375803,0.032847986,0.01495148,0.016818508,0.032771187,0.001463819,0.065262984,0.061820786,-0.021596145,0.118990566,0.031936592
2002/4/30,-0.051057764,-0.048896709,-0.093667536,-0.040904838,0.018523985,-0.062640286,-0.028048906,-0.123919847,-0.15939162,-0.022217709,-0.022432274
2002/5/31,0.000917445,0.046899634,0.001435436,-0.001183526,0.008202816,-0.020716161,-0.003318968,-0.038754763,0.036357513,-0.091095732,0.032402031
2002/6/30,-0.002887149,-0.02236512,-0.058682235,-0.080956431,-0.060979603,-0.092408299,-0.049132224,-0.12167965,-0.125629375,-0.074322309,0.004527706
2002/7/31,-0.128182734,-0.112774608,-0.042859028,-0.117695804,-0.046297924,-0.022023805,-0.082893074,-0.07527549,-0.130026937,-0.143252262,-0.081028513
2002/8/31,-0.003742984,-0.007017816,-0.022880401,0.025677147,0.009589779,0.010859417,0.020775971,-0.021190856,-0.017615048,0.03304219,0.012038812
2002/9/30,-0.086570013,-0.130707528,-0.121725796,-0.086551644,-0.074989775,-0.064932154,-0.118631658,-0.175576718,-0.141490949,-0.132169159,-0.081727041
2002/10/31,0.028617788,0.049968038,0.03794772,0.064393924,0.034294678,0.058731779,0.087946408,0.222907008,0.318734181,-0.021711454,-0.038383165
2002/11/30,0.031707619,0.117017546,0.062194736,0.048409043,-0.030212345,0.025288073,0.039311033,0.168293418,0.119888634,0.020352898,0.058375956
2002/12/31,-0.000327515,-0.044395958,-0.048019417,-0.087755212,0.002302235,-0.036590701,-0.055479568,-0.144439258,-0.076197819,0.037241402,-0.027931587
2003/1/31,-0.025937858,-0.04996336,-0.048779218,-0.0329412,-0.036750998,-0.004990531,-0.018894668,-0.016941435,-0.069864529,-0.033346993,-0.037948651
2003/2/28,0.015024065,-0.029684276,-0.018349629,-0.008940202,-0.029020807,-0.019378622,-0.032784031,0.024163721,-0.083590995,-0.053121658,0.020289863
2003/3/31,0.01132223,-0.000353677,0.012183602,0.026777063,-0.005904509,0.033611197,-0.005962707,-0.012180255,-0.003700925,0.046043752,0.015933806
2003/4/30,-0.004860463,0.091809703,0.105968993,0.115547149,0.02890933,0.033899999,0.120505585,0.09014936,0.089806635,0.084508587,0.042188465
2003/5/31,0.081110738,0.0281918,0.026041176,0.050343965,0.0471009,0.016782676,0.050761559,0.083657934,0.067067693,0.098413927,0.032431157
2003/6/30,-0.011065953,0.006618373,0.015935257,0.014379265,0.007318144,0.042364547,0.000545846,-0.000618539,0.035794791,0.008520152,0.000338969
2003/7/31,-0.025202769,0.078428276,0.028510111,0.021239735,-0.007022797,-0.015336287,0.043312244,0.055198902,-0.061315212,-0.06811913,0.059301932
2003/8/31,0.056658387,0.02866887,0.040977202,0.049429698,0.019217649,-0.038625334,-0.011707625,0.056746875,0,0.014028067,0.006717902
2003/9/30,-0.025016217,-0.047414107,-0.027964616,-0.047930835,-0.004785605,0.003190629,0.004732606,-0.006764428,-0.042226256,0.042348955,0.010380211
2003/10/31,0.008075655,0.091104389,0.055889013,0.088949992,0.048326541,0.006607948,0.066208326,0.081307622,0.044995954,0.008035386,0.015934629
2003/11/30,-0.001368904,0.02063681,0.013623148,0.008463135,0.008440033,0.014509682,-0.004417818,0.015471603,-0.012647279,-0.003672222,-0.00113508
2003/12/31,0.137997521,0.099700629,0.068955187,0.038370016,0.016602201,0.057268996,0.046855189,0.026304872,0.088491282,0.064275455,0.029235476
2004/1/31,0.012492206,-0.048143169,0.010771151,-0.008202627,0.000850123,0.02716925,0.029487603,0.034773449,0.036920595,0.018498204,0.034728487
2004/2/29,0.040098664,0.048608423,-0.011092136,0.020230236,0.056685558,0.006905031,0.025113824,-0.032856119,0.019838871,0.015093711,0.004850131
2004/3/31,-0.006736131,-0.020965834,-0.013900577,-0.001589485,-0.00583826,-0.041698972,-0.011875087,-0.026756727,-0.015035714,0.007434609,0.034076711
2004/4/30,0.016464068,-0.048338259,-0.001828067,-0.016159194,0.011191921,0.030557469,-0.04855075,-0.046902316,-0.005778337,-0.039169526,-0.131534761
2004/5/31,0.000965111,0.021397039,0.022424787,0.006877289,-0.013466867,-0.003555898,0.01700943,0.049177081,-0.041030497,0.004726515,0.068687514
2004/6/30,0.051479896,0.049028951,0.057957159,0.004419648,0.002260894,-0.003428125,0.002948403,0.027588566,0.030303015,0.0123488,0.016998617
2004/7/31,0.033211013,-0.022094078,-0.021070081,-0.03980164,-0.049627596,-0.054220974,-0.023179592,-0.075465258,0.031255466,0.014106688,-0.010186913
2004/8/31,-0.013852967,0.015641514,-0.003612893,-0.001624727,0.018764846,0.015621801,0.032198775,-0.053958955,0.011408173,0.036249082,0.085031918
2004/9/30,0.083698602,0.036851425,0.020213011,0.0288755,-0.029628936,-0.018698522,-0.010552923,0.028960851,0.011616138,0.006080261,-0.026337536
2004/10/31,0.006174369,-0.008192853,0.010700191,0.040434769,0.005889226,-0.022225525,0.00221648,0.052368995,0.008986535,0.046385711,0.065544312
2004/11/30,0.057238145,0.075414525,0.057049868,0.039448019,0.028688572,0.015296601,0.02778868,0.047899276,0.039666811,0.037653681,0.019527755
2004/12/31,-0.020297956,0.012102051,0.024808925,0.04590111,0.037564037,0.056076223,0.040631851,0.028237091,0.024034317,0.023565201,0.05693889
2005/1/31,0.02716279,-0.031067362,-0.02714375,-0.041807113,0.010886543,-0.032384175,-0.023110982,-0.052465418,-0.075987643,0.019138357,-0.087232321
2005/2/28,0.182851524,0.075791708,0.004437187,-0.00512646,0.000918254,0.028956468,-0.007620275,-0.000256252,0.00645483,0.016769442,0.045663796
2005/3/31,-0.036414935,-0.028180843,0.002473891,-0.012901015,-0.010967887,-0.005874819,-0.040250962,-0.023223782,-0.017324623,0.007837588,-0.011046918
2005/4/30,-0.053091067,-0.070231223,-0.030670564,-0.064700486,-0.011975023,0.033525526,-0.001699508,-0.038664541,0.00127135,0.029145235,0.039794095
2005/5/31,0.013626232,-0.011594203,0.022221472,0.058461625,0.020058027,0.007949143,0.025719618,0.07631164,0.012105311,-0.001905569,0.029794338
2005/6/30,0.057780722,-0.020000022,-0.029103044,-0.001616501,-0.019998321,-0.004150755,0.012154354,-0.017717335,0.012796911,0.054904621,0.034474356
2005/7/31,0.057014595,0.052785969,0.033236749,0.055399184,0.030993828,0.022813136,0.013143599,0.058208497,0.031299043,0.020469288,0.090049636
2005/8/31,0.05096098,-0.043488199,-0.024294248,-0.035103797,-0.01552795,-0.005569257,-0.020119564,-0.003079581,-0.034673241,0.004586595,-0.053772784
2005/9/30,0.059956461,0.005467718,0.011122926,-0.029301497,0.011440594,-0.006201561,0.00808097,0.002599711,-0.015180438,0.037499167,-0.005881487
2005/10/31,-0.093920198,0.005260756,-0.011467816,-0.020163013,-0.004324899,-0.030238888,0.029770601,-0.02202563,-0.020805266,-0.064366523,-0.019054904
2005/11/30,0.013469273,0.070735569,0.055567671,0.037971633,0.007183733,0.007738785,0.042667235,0.063322787,0.049118272,-0.006835643,0.041278329
2005/12/31,0.004798487,0.027567209,0.001171351,-0.009164753,-0.004063843,0.033755274,0.001079944,-0.029541209,-0.037143316,0.008145537,-0.019632921
2006/1/31,0.138518426,0.046761438,-0.004542351,0.017183218,-0.001748754,0.014013589,0.007340537,0.031710016,0.03244484,0.023424716,0.07680499
2006/2/28,-0.081440284,-0.021493805,0.023679501,0.006087609,0.009676777,0.007728445,0.017740309,-0.009756773,0.065572457,0.006670818,0.020735384
2006/3/31,0.038429994,0.04278408,0.045250375,0.003441378,0.001858954,-0.012968325,0.000686305,0.01801934,0.030575098,-0.04918239,0.036439799
2006/4/30,0.051138921,0.035374723,0.019998069,0.012700668,0.006143783,-0.032185811,0.040598877,-0.011509596,-0.029142293,0.014130478,-0.036842468
2006/5/31,-0.031799376,-0.043202955,-0.017642238,-0.016151228,0.0048359,-0.022607576,-0.03936641,-0.071684812,-0.030094321,0.011285501,-0.022237711
2006/6/30,0.020390809,-0.001010214,-0.006609666,-0.003631242,0.011949887,0.000199667,-0.007226334,-0.016786988,0.04690115,0.021197066,0.046988927
2006/7/31,0.049625277,-0.034935986,-0.053099694,-0.033901552,0.018015482,0.053979277,0.023080618,-0.037755302,0.042209473,0.048168493,0.048363972
2006/8/31,-0.040706221,0.026980269,0.011688503,0.018744123,0.035947651,0.026838411,0.007835216,0.082624679,0.011477501,0.023064776,0.016029136
2006/9/30,-0.028044879,-0.002397598,0.03774357,0.063992271,-0.00351593,0.014175067,0.040658538,0.03989113,0.03996819,-0.01890118,0.030270002
2006/10/31,0.044630233,0.058754375,0.022854157,0.064312611,0.018293342,0.004182649,0.022647787,0.041156169,0.034609742,0.05321185,0.074198655
2006/11/30,0.080560329,0.041342658,0.021449779,0.009946228,-0.010771262,-0.005432971,0.00226707,0.031617752,-0.003291397,0.018732749,0.044793391
2006/12/31,-0.019015391,0.00440609,0.008187229,0.021652659,0.021891418,0.011211398,0.037385344,-0.013593963,0.04562602,0.009194225,-0.011425389
2007/1/31,-0.018483993,0.044745117,0.013048977,0.02763104,0.018404688,0.030097269,0.007025925,0.015661801,0.030937823,-0.003751405,0.097228463
2007/2/28,-0.022992103,0.020287276,-0.015175595,-0.030389738,-0.017267244,-0.025122359,-0.032819413,-0.031559121,-0.006689541,0.047713882,-0.039576649
2007/3/31,0.060755922,0.016764904,0.008170762,-0.006294914,0.015076454,0.001972409,-0.008602513,0.005421738,0.038645514,0.038866313,-0.031837276
2007/4/30,0.052075027,0.01925776,0.047117123,0.02493919,0.031758852,0.070944651,0.039768373,0.054038738,0.000666589,0.0413166,-0.008688489
2007/5/31,0.072430764,0.054591806,0.043466804,0.026706975,0.013542325,0.013105803,0.019807368,0.036754789,0.095984923,0.004508766,0.008376294
2007/6/30,0.013197958,-0.008680436,-0.000197443,-0.017140877,-0.023531445,-0.036240261,-0.042848149,0.008259078,-0.026356443,-0.05457117,-0.100341103
2007/7/31,0.007060448,-0.022870856,0.009957683,-0.058283057,-0.023847201,-0.044082048,-0.079499796,-0.00455936,-0.028886053,-0.038180905,-0.066650326
2007/8/31,0.005436242,-0.007774814,-0.001955178,0.00236197,0.024687352,0.022660967,0.012622497,0.027429888,-0.00075964,0.018341467,0.049462808
2007/9/30,0.080395259,0.076336171,0.045196387,-0.009801226,0.04161429,0.029361721,0.019957563,0.037603245,0.04456398,0.032858753,0.043947769
2007/10/31,0.010337121,0.039963307,-0.005756732,6.89E-05,0.016580481,0.018538328,-0.019913763,0.071340108,-0.014668804,0.066096949,0.005680781
2007/11/30,-0.039849035,-0.050954301,-0.037325252,-0.058419845,0.028551025,0.008587596,-0.080499611,-0.080931602,-0.072504173,0.001019421,-0.098882093
2007/12/31,0.072776711,0.008734811,-0.008727991,-0.049445116,-0.012461672,-0.031006801,-0.057250781,0.014742087,0.030815407,0.000370327,-0.064929041
2008/1/31,-0.109262994,-0.040255509,-0.044616897,-0.013100581,-0.05338004,-0.049060301,-0.006044672,-0.125066763,-0.098835078,-0.069640475,-0.008115229
2008/2/29,0.066610754,0.018566002,-0.0307497,-0.040799641,-0.00257445,-0.025436354,-0.114315744,-0.041483872,-0.095957282,-0.053118436,-0.043468987
2008/3/31,-0.02666987,-0.013345929,0.031633818,-0.009605932,0.029664516,-0.049777434,-0.030710413,0.009154036,0.048949456,0.013971995,0.074228308
2008/4/30,0.108652314,0.053267921,0.013382171,0.042248884,-0.003845873,0.014218811,0.063426594,0.069066566,0.038597978,0.052061766,0.052482186
2008/5/31,0.031605913,0.046141579,0.008104007,0.004652968,0.012823168,0.016998254,-0.063662921,0.054535194,0.033480649,0.028903494,0.002697215
2008/6/30,0.022296043,-0.057251486,-0.124833765,-0.122497808,-0.067558388,-0.047294044,-0.186653834,-0.092633626,-0.115848063,-0.010624048,-0.11179631
2008/7/31,-0.139938635,-0.041676235,0.017478965,0.004249215,0.032485286,0.0493315,0.068056843,-0.012656124,-0.068078617,-0.062735808,0.01499482
2008/8/31,-0.008363654,-0.028177477,0.01678893,0.070283264,0.025135278,0.017310438,-0.013131131,0.020179645,0.035700311,-0.018527179,0.014045503
2008/9/30,-0.119984895,-0.172399579,-0.121554723,-0.079275917,-0.016139123,-0.063281138,-0.052207724,-0.135036499,-0.126945623,-0.11662632,-0.020094754
2008/10/31,-0.180116509,-0.221768161,-0.189274621,-0.192677988,-0.110830692,-0.118046872,-0.227390237,-0.170869931,-0.095225647,-0.11869049,-0.320858299
2008/11/30,0.003963003,-0.112192648,-0.07605725,-0.097805406,-0.020143431,-0.07183299,-0.187347617,-0.114365691,0.064206077,0.024314509,-0.257414018
2008/12/31,-0.040839082,-0.007573594,0.00572736,0.051256656,-0.007683966,0.066159032,-0.006825558,0.016799728,0.008851117,-0.02459456,0.132297423
2009/1/31,-0.031603446,-0.072388976,-0.126538296,-0.106428183,-0.076623729,-0.01292783,-0.265477763,-0.03075797,-0.110564,-0.00824705,-0.189175321
2009/2/28,-0.124552318,-0.088458836,-0.179567926,-0.086933566,-0.072400731,-0.12841754,-0.184142614,-0.043038982,-0.028384497,-0.129507237,-0.231572273
2009/3/31,0.037064126,0.149303859,0.091656004,0.120098437,0.035499597,0.063300672,0.176569455,0.120831643,0.059152587,0.020985047,0.020584602
2009/4/30,0.048133556,0.150923579,0.177236241,0.185311884,0.030351507,-0.008868039,0.221745999,0.12041995,0.022300457,0.004218138,0.347720799
2009/5/31,0.099177029,0.044902227,0.017607297,-0.022015113,0.047069786,0.056856708,0.107771761,0.011666212,-0.027650205,0.022987585,-0.001945484
2009/6/30,-0.044718148,-0.039303528,-0.014933874,0.014932817,0.009151717,0.033627904,-0.001924708,0.05297262,0.025091047,0.059350483,-0.024141559
2009/7/31,0.0430131,0.133091651,0.092425158,0.093714015,0.061592131,0.057627582,0.087832862,0.091402177,0.035995392,0.036857021,0.105101354
2009/8/31,0.003564793,0.019595567,0.041393472,0.033329984,0.008067998,0.020579475,0.128602411,0.023509092,-0.024182346,0.001699178,0.111095741
2009/9/30,0.045999336,0.047346876,0.065710888,0.051588434,0.032563078,0.009009042,0.019303834,0.04466233,0.028199784,0.010516948,0.072706761
2009/10/31,0.031540895,-0.053284783,-0.04661089,-0.024852133,0.010448725,-0.023070506,-0.060393649,-0.003813493,-0.04848093,-0.032095609,-0.036280921
2009/11/30,0.028492252,0.113471891,0.086789392,0.067314027,0.038241644,0.090075432,0.042268452,0.050034427,0.063858713,0.041692751,0.074809348
2009/12/31,-0.009902102,0.014058082,0.01119435,0.043318139,-0.00655535,0.019103645,-0.016445059,0.055852991,0.045794532,0.05214439,0.060705027
2010/1/31,-0.045075019,-0.08663229,-0.012058142,-0.02952313,-0.012468039,0.004223949,-0.014759008,-0.084513467,-0.093248452,-0.051015966,-0.064238724
2010/2/28,0.01875437,0.042191764,0.045738548,0.052996081,0.02698611,0.000109989,0.034098023,0.040249877,-0.012890778,-0.01860864,0.055259309
2010/3/31,0.028785256,0.075814923,0.088471986,0.076887857,0.035730984,0.024437131,0.087727336,0.0675561,0.053990848,0.024194628,0.108064549
2010/4/30,0.044293643,0.004154072,0.040914886,0.060226474,-0.01558321,-0.039068364,0.01299182,0.01761783,-0.013962109,0.024353008,0.064434732
2010/5/31,-0.118076414,-0.096510448,-0.098266647,-0.071425956,-0.047348831,-0.069920722,-0.092488718,-0.082731497,-0.039384818,-0.061216539,-0.054790792
2010/6/30,-0.057909244,-0.070997591,-0.070921775,-0.098044553,-0.028015163,-0.018614093,-0.059669734,-0.062165992,-0.003904739,-0.010212502,-0.051794008
2010/7/31,0.079762241,0.122347153,0.102983734,0.077358358,0.058368816,0.012603999,0.06614953,0.071651608,0.079282598,0.073410476,0.10782226
2010/8/31,-0.047130028,-0.028466597,-0.073355342,-0.04064974,-0.015865034,-0.017885237,-0.079072322,-0.071980122,0.022518872,0.008897805,-0.009641016
2010/9/30,0.091450963,0.07529914,0.111968811,0.109973889,0.05377245,0.08819372,0.059856192,0.121114199,0.079300242,0.025943085,0.034211037
2010/10/31,0.055620502,0.065723717,0.025810465,0.053011047,0.028133403,0.0204947,0.013717824,0.064481058,-0.001151879,0.009286635,0.041237098
2010/11/30,0.051108239,0.009327121,0.007703159,0.024072046,-0.013496187,-0.031523559,-0.008629946,-0.01820822,-0.014332766,-0.035871956,-0.011450726
2010/12/31,0.089293027,0.101604555,0.075620582,0.039974721,0.03830625,0.043361375,0.106263547,0.052282416,0.075881677,0.027469657,0.050165495
2011/1/31,0.068811041,-0.005049901,0.040581832,-0.008831345,-0.018775881,0.003344485,0.02449129,0.036954672,-0.042721822,0.012049694,0.05150107
2011/2/28,0.072098497,0.028649337,0.022148473,0.059536418,0.02658783,0.028907067,0.030677635,0.022717518,0.027913035,0.006201166,0.047480059
2011/3/31,0.014879389,0.016841353,0.017234885,-0.006347267,0.009973899,0.017048207,-0.026765994,-0.026571554,0.051862959,-0.00209538,-0.011896709
2011/4/30,0.014780034,0.020532544,0.026887692,0.038845691,0.050509975,0.064203646,-0.000996789,0.029212417,0.00667917,0.03822877,0.04465443
2011/5/31,-0.046068773,-0.029196765,-0.029979671,-0.004588305,0.023670804,0.021541252,-0.033561654,-0.018123394,0.016400752,0.016239341,0.005762701
2011/6/30,-0.019299787,-0.004533537,-0.008227324,-0.00319836,-0.028512935,-0.013065308,-0.02918955,-0.026371919,-0.01466921,-0.004741264,-0.027705303
2011/7/31,0.006363274,-0.033912075,-0.070247892,-0.014722146,-0.016487967,-0.039471446,-0.037173116,0.015672537,-0.066696436,-0.011056901,0.004550206
2011/8/31,-0.100351726,-0.068773924,-0.068203855,-0.054500103,0.003655397,-0.023814938,-0.097148266,-0.061770692,-0.013558758,0.016830222,-0.058513384
2011/9/30,-0.12581928,-0.165875692,-0.094032426,-0.069595512,-0.037017295,-0.045625566,-0.11555357,-0.034170147,-0.013502573,-0.001228164,-0.106790763
2011/10/31,0.169515946,0.175995639,0.139141773,0.118063365,0.042972265,0.056019294,0.141653557,0.114651326,0.017621519,0.035193502,0.157262672
2011/11/30,0.005117359,-0.011611318,-0.000451661,-0.017139515,0.019100269,-0.000823982,-0.06404893,-0.025168985,0.001208069,-0.004242561,-0.054936648
2011/12/31,0.000595577,-0.013052948,0.016791776,0.019155782,0.02926383,0.037627832,0.031067955,-0.002457803,0.044324751,0.039481889,0.055627316
2012/1/31,0.014823125,0.110575729,0.069887518,0.058558585,-0.016987578,0.028538837,0.080922264,0.07591539,-0.039362255,-0.036616008,0.056137639
2012/2/29,0.054547433,-0.005444024,0.021955179,0.045094172,0.03444099,0.009224842,0.047199209,0.071964679,0.037206375,-5.67E-05,-0.017017821
2012/3/31,-0.033712463,0.002523077,0.013509311,0.046985788,0.031301267,0.042998662,0.072800538,0.053216022,0.01059138,0.008793345,0.04766466
2012/4/30,-0.010063655,-0.011431953,-0.013236681,0.009904253,-8.53E-05,-0.003739486,-0.024719182,-0.021950041,0.041309622,0.01917663,0.02327542
2012/5/31,-0.106236541,-0.079913719,-0.063568953,-0.058676843,-0.012846439,-0.038893783,-0.093191329,-0.078477274,0.026006529,-0.001269082,-0.044942334
2012/6/30,0.050366203,0.041457636,0.031788395,0.014921441,0.029568479,0.051872425,0.042616527,0.025155991,0.05355861,0.034088388,0.055403635
2012/7/31,0.052985992,-0.006124198,0.011132694,0.003624764,0.031375842,0.017903549,0.007899637,0.017431349,0.056001125,0.031522195,0.025497721
2012/8/31,0.01235214,0.018984129,0.006593258,0.037619153,-0.007862897,0.003020959,0.028468877,0.044861252,-0.026258216,-0.050758806,-0.008509499
2012/9/30,0.032856075,0.034059599,0.01529411,0.030491235,0.011067959,0.038730082,0.033679169,0.012553444,0.039524095,0.006984224,-0.013410219
2012/10/31,-0.02019708,-0.021155823,-0.006514004,-0.015780788,-0.013541665,-0.00489701,0.017313543,-0.069459856,-0.052772146,0.015659709,0.001970867
2012/11/30,-0.019835578,0.013134798,0.013302654,0.027592421,0.012987782,0.002331089,-0.012951207,0.006813462,-0.01181363,-0.056551462,-0.005561908
2012/12/31,-0.002796479,0.024584825,0.014185713,-0.003019143,-0.031755532,-0.010637615,0.04026337,-0.007047542,-0.017049276,-0.004467277,0.025100557
2013/1/31,0.086518187,0.043377062,0.065059326,0.064638873,0.064699978,0.080726946,0.065616337,0.020250882,0.031234806,0.056745186,0.034000937
2013/2/28,0.004900504,-0.013019699,0.025430524,0.015531033,0.035421915,0.018407347,0.017562604,0.009998962,0.033907376,0.018813159,0.011711759
2013/3/31,0.019784154,0.015616023,0.013762181,0.039584576,0.037808559,0.050881943,0.028219884,0.015924166,0.02411045,0.04310443,0.013166213
2013/4/30,-0.014941575,0.007000064,-0.005817997,0.031448946,0.031376681,0.031764562,0.029201526,0.010491173,0.059932925,0.06418485,0.068742625
2013/5/31,0.020765597,0.026399355,0.046175302,0.02625979,-0.023887939,0.013970772,0.070595272,0.042329247,-0.074456661,-0.095769936,-0.062852513
2013/6/30,-0.017262994,-0.050814264,-0.009536032,0.011149681,-0.000509317,-0.000107919,-0.025834912,-0.036948797,0.023288825,0.009513785,-0.020747134
2013/7/31,0.046154462,0.051389884,0.050666944,0.047581888,0.032929718,0.061810762,0.04972988,0.040962283,-0.011915266,0.038425518,-0.007040843
2013/8/31,-0.020775022,-0.001922193,-0.027592912,-0.029961504,-0.045435315,-0.037661975,-0.052158519,-0.008423779,-0.041408731,-0.055154432,-0.062205949
2013/9/30,0.016844795,0.041583215,0.054751299,0.052873856,0.009647526,0.031689024,0.026271492,0.028278345,-0.006256672,0.007429388,0.032031921
2013/10/31,0.040720176,0.041092727,0.050461693,0.045992145,0.061281239,0.042046266,0.031486427,0.045006345,0.073476229,0.036557115,0.034301278
2013/11/30,0.005035796,0.010801055,0.033236695,0.033340631,0.014240391,0.044869528,0.043710735,0.036359914,-0.026330574,-0.023427181,-0.049970989
2013/12/31,0.030047752,0.04575448,0.040353148,0.021111763,0.002355198,0.006645128,0.020040073,0.041112447,-0.00339634,0.005411919,0.009625148
2014/1/31,-0.06326819,-0.046632854,-0.045285751,-0.059649059,-0.053025172,0.008718724,-0.037256899,-0.025876142,-0.041602373,0.028776965,0.02880167
2014/2/28,0.045737473,0.066896869,0.035164485,0.060885102,0.034880103,0.059499902,0.029394128,0.043413478,-0.010399215,0.027972015,0.037131212
2014/3/31,0.022777178,0.005764534,0.007894263,-0.029253316,0.018788816,-0.013751915,0.030780258,0.002134061,0.04671186,0.030881405,0.002076397
2014/4/30,0.05114099,0.006938184,0.014954825,-0.014122643,0.026995819,-0.005996954,-0.016375449,0.002062582,0.004210078,0.042014841,0.035413786
2014/5/31,0.010447543,0.028326939,0.016855086,0.02732611,0.017472717,0.025692812,0.012325647,0.03490685,0.033862231,-0.016492826,0.030564031
2014/6/30,0.049274626,0.014598808,0.001010386,0.018252087,-0.005305583,0.020688499,0.02278333,0.022653423,-0.012726891,0.041969694,-0.000882718
2014/7/31,-0.034028297,-0.01994002,-0.041257688,-0.013693973,-0.03444142,-0.000212946,-0.015524541,0.014008767,0.025655593,-0.069132567,0.00394613
2014/8/31,0.018282151,0.035482906,0.039426538,0.043337556,0.045726135,0.047176883,0.040218598,0.036752334,-0.010720167,0.044512331,0.03244162
2014/9/30,-0.076384599,-0.017353545,-0.012693997,-0.029202792,0.002759867,0.003199629,-0.005414127,-0.007474968,0.00348756,-0.021536312,-0.053809881
2014/10/31,-0.029846427,-0.026170114,0.036497788,0.020892394,0.034037857,0.052556831,0.028531184,0.016592939,-0.00186187,0.079162516,0.088337683
2014/11/30,-0.088473757,0.01195829,0.027946886,0.052801202,0.053233534,0.031841882,0.021170571,0.049681782,0.011067579,0.007274966,0.032279458
2014/12/31,0.003438383,-0.008927702,-0.00333949,0.007546666,-0.013662415,-0.014533756,0.016219534,-0.017395626,-0.061865798,0.032371776,0.004329686
2015/1/31,-0.048824585,-0.019850621,-0.036877921,-0.031357524,-0.012690653,0.011730292,-0.069932788,-0.039063558,-0.022418867,0.023444678,0.057959441
2015/2/28,0.0350569,0.078169855,0.051992436,0.084554581,0.041724145,0.041309906,0.05648198,0.078941815,0.065848533,-0.069577271,-0.030737502
2015/3/31,-0.020345968,-0.049905385,-0.02684171,-0.006381962,-0.024308163,0.007634588,-0.007846778,-0.033857876,-0.037873572,-0.013075635,0.002958464
2015/4/30,0.065628542,0.030733035,-0.000833911,-0.00093667,-0.009654313,-0.014130583,0.000769349,0.022795458,0.046818832,-0.004874118,-0.048126697
2015/5/31,-0.052215231,0.002500581,0.000459044,0.011903542,0.007250914,0.043313055,0.016389872,0.020439529,-0.018614503,0.000445235,-0.00652385
2015/6/30,-0.035526135,-0.04167723,-0.027342153,0.004632698,-0.02163612,-0.004116794,-0.004810445,-0.043695811,-0.023168477,-0.062844915,-0.046678333
2015/7/31,-0.07813322,-0.050342644,0.001436656,0.047100632,0.052997371,0.027311069,0.030096655,0.029242616,-0.011468003,0.060125398,0.0540152
2015/8/31,-0.046924509,-0.057764344,-0.056440595,-0.065648528,-0.059996124,-0.080478361,-0.069442802,-0.058157708,-0.033616808,-0.040050185,-0.054079038
2015/9/30,-0.067904433,-0.076181018,-0.020196047,-0.007911546,0.001280215,-0.058327509,-0.031651426,-0.010542494,-0.036968816,0.025854063,0.017732753
2015/10/31,0.11251191,0.134475973,0.091203865,0.089875685,0.056340304,0.07692608,0.061048752,0.106668722,0.057936062,0.010508587,0.068903051
2015/11/30,-0.007667594,0.005867,0.006027668,-0.003611806,-0.012728636,-0.006000088,0.017007778,0.005937365,-0.013322557,-0.02755148,-0.009526346
2015/12/31,-0.099987971,-0.044252674,-0.02208861,-0.029686571,0.025132965,0.016084585,-0.023521913,-0.02329803,0.0171665,0.018471393,0.016403994
2016/1/31,-0.030706424,-0.106161441,-0.058054503,-0.051914575,0.00447515,-0.076509489,-0.08960935,-0.048954938,0.054766134,0.048954565,-0.046157075
2016/2/29,-0.025605642,0.073061022,0.035041955,0.002394737,0.000614524,-0.007082642,-0.031717339,-0.015346229,0.026941626,0.013736612,-0.013227563
2016/3/31,0.091774081,0.073725546,0.070189415,0.064809637,0.043181208,0.025941318,0.070871997,0.091011337,0.062630853,0.076900018,0.101206496
2016/4/30,0.086524966,0.04900464,0.008291248,0.000509209,-0.014588992,0.02869178,0.032695741,-0.054685801,-0.031411174,-0.024490924,-0.022874872
2016/5/31,-0.011703365,-0.005513852,-0.00807957,3.18E-05,0.006422348,0.019867498,0.018173643,0.052754711,-0.000358988,0.009765663,0.013236455
2016/6/30,0.031920904,-0.011462959,0.007855985,-0.013311581,0.048082777,0.008621561,-0.034289415,-0.027986462,0.093194418,0.074709898,0.059118897
2016/7/31,-0.019828653,0.050478335,0.033476188,0.044164384,-0.008778847,0.048622601,0.034080154,0.078116254,0.000164251,-0.007311631,0.02853823
2016/8/31,0.006411407,-0.002980784,0.004803234,-0.01417081,-0.006731817,-0.035066337,0.035685184,0.018419797,-0.057261683,-0.06141641,-0.038139582
2016/9/30,0.029478609,-0.014817037,-0.002725936,-0.004180798,-0.0174739,-0.006541382,-0.028642338,0.024038761,-0.009465216,0.001207243,-0.018188047
2016/10/31,-0.029710698,-0.022109598,-0.020658769,-0.02427826,-0.009642403,-0.065987791,0.021600874,-0.001347049,-0.074979531,0.008199721,-0.05592349
2016/11/30,0.078789374,0.065884627,0.08478275,0.045171739,-0.045190055,0.017155238,0.136659065,-0.005932754,0.035490249,-0.059602108,-0.033284088
2016/12/31,0.018047657,-0.001279735,0.003188198,-0.001125558,0.028985469,0.006034323,0.037552988,0.015152844,0.080910712,0.046421895,0.037976708
2017/1/31,-0.03635703,0.045905902,0.01367849,0.041817118,0.014517069,0.021520655,0.001241847,0.043418549,-0.034992401,0.012113623,-0.001261579
2017/2/28,-0.027323494,0.00502317,0.034028194,0.018224725,0.048710807,0.062096145,0.050050372,0.048657767,-0.00387249,0.047153945,0.044265425
2017/3/31,-0.011986725,0.002712291,-0.010071088,0.015948488,-0.002315342,-0.002903054,-0.033786138,0.024614004,-0.011368369,-0.00129968,-0.021723779
2017/4/30,-0.029600226,0.019877238,0.023839798,0.030995338,0.003684838,0.009407315,0.00463519,0.021461457,-0.034556739,0.007923053,0.012622995
2017/5/31,-0.021713406,-0.011830973,0.007120128,0.002917403,0.024181044,0.005561836,-0.007833286,0.044874379,-0.037336386,0.023582661,0.003154627
2017/6/30,-0.024451749,0.024427776,0.013184226,-0.006759768,-0.013631879,0.058408075,0.040395517,-0.008140504,-0.005897802,-0.012094715,0.020288091
2017/8/31,-0.029354294,0.014660458,-0.002177375,-0.006833779,-0.018415268,0.013086353,0.003094403,0.055521941,0.011478679,0.0413099,0.009047484
2017/9/30,0.097723224,0.033307164,0.038435757,0.007498583,-0.011427321,0.008558179,0.050507954,0.005937923,0.035192788,-0.029969697,-0.018622519
2017/10/31,-0.007203177,0.038017714,0.001505631,0.020209905,-0.015916791,-0.008411643,0.028153299,0.076737223,-0.086900296,0.038591683,0.00677714
2017/11/30,0.012344189,0.007438665,0.035354995,0.048977469,0.054011564,0.026951606,0.032754514,0.009340671,0.059017944,0.022086926,0.026726505
2017/12/31,0.047380565,0.017452475,0.017744012,0.022804837,0.019650402,-0.007596205,0.018283219,-0.000307239,0.057703415,-0.063568207,-0.009955821
2018/1/31,0.037569675,0.041061903,0.052539173,0.092381529,0.014062224,0.065626578,0.063607384,0.075665757,-0.00644311,-0.031043079,-0.019425128
2018/2/28,-0.11343391,-0.054702121,-0.042543045,-0.035587762,-0.078351451,-0.046316296,-0.029526815,-0.001117723,-0.070545451,-0.043887791,-0.069634811
2018/3/31,0.015529775,-0.044459982,-0.027708627,-0.024632871,-0.01320631,-0.032051307,-0.044583206,-0.039485131,-0.011150278,0.034073548,0.032637959
2018/4/30,0.093299123,0.014199915,-0.015105212,0.026568526,-0.039613759,0.027266086,0.00491771,0.005404639,0.004286246,0.023385609,-0.003801072
2018/5/31,0.024909038,0.005035992,0.012964826,0.014908122,-0.023564705,-0.015449402,-0.020749073,0.065917903,-0.048785344,-0.019646717,0.015837334
2018/6/30,0.005713267,0.001183835,-0.034306909,0.035051585,0.041475575,0.01506124,-0.020189225,-0.003931453,0.022433907,0.024593262,0.038847376
2018/8/31,-0.024860137,0.021861714,0.072446432,0.06779817,0.042337572,0.109341644,0.063855863,0.089091073,0.039630101,0.024306968,0.032491397
2018/9/30,0.024343394,-0.022820266,0.020674653,0.009685439,0.006219614,0.027982583,-0.023736501,-0.003872797,0.042600152,-0.008972982,-0.031660779
2018/10/31,-0.113280172,-0.094817122,-0.10859242,-0.113255824,0.021210683,-0.067788947,-0.048736276,-0.080479783,-0.060230445,0.019081136,-0.01733875
2018/11/30,-0.022015767,0.037786312,0.034672332,0.025986582,0.017187814,0.068315982,0.0257657,-0.02121467,-0.006760368,0.030582225,0.053034908
2018/12/31,-0.128181416,-0.071794997,-0.108098808,-0.084455095,-0.094618472,-0.087214157,-0.114476143,-0.085361503,-0.073935685,-0.043105007,-0.079088491
2019/1/31,0.110217628,0.054829184,0.113582743,0.102303279,0.049934846,0.046634973,0.085880274,0.068776333,0.100662929,0.033729305,0.107194817
2019/2/28,0.019392122,0.030151436,0.060605604,0.006477471,0.021206693,0.010402078,0.021772543,0.066259108,0.008183306,0.035509723,0.008263733
2019/3/31,0.019814997,0.009359109,-0.012446756,0.03941038,0.036725263,0.003494575,-0.027478047,0.047515425,0.023896056,0.026501566,0.044798337
2019/4/30,-0.000143033,0.036196642,0.04049906,0.056524636,0.023323214,-0.027407829,0.088391605,0.063579524,0.062214696,0.008809101,-0.005749658
2019/5/31,-0.117046055,-0.084815444,-0.080809133,-0.077299594,-0.039940067,-0.025499566,-0.073771411,-0.089132724,-0.059525947,-0.012762344,0.0090106
2019/6/30,0.090673437,0.114842726,0.077529788,0.076308467,0.048093686,0.065014867,0.065645002,0.090545118,0.04259771,0.030923613,0.012573316
2019/7/31,-0.018693765,-0.004358027,0.005953759,0.008999778,0.02325301,-0.017184567,0.022945172,0.032632391,0.030140639,-0.003761928,0.016892592
2019/8/31,-0.087313782,-0.030803768,-0.029485817,-0.014275441,0.01642596,-0.00692578,-0.050697663,-0.017003546,-0.015368194,0.046604861,0.046082189
2019/9/30,0.035632232,0.029298874,0.029312877,0.007230479,0.013053882,-0.003219515,0.044631471,0.014433867,0.004082079,0.03962398,0.004784704
2019/10/31,-0.023951687,0.00019198,0.009833716,0.002892512,-0.003320771,0.050039738,0.022447011,0.038093597,0.027263021,-0.008036726,-0.001600983
2019/11/30,0.011039215,0.028815778,0.041416468,0.011347215,0.01084036,0.048476594,0.04825732,0.051649422,0.037364672,-0.0229861,-0.019653854
2019/12/31,0.058163518,0.02827528,-0.001626198,0.02654066,0.020312484,0.034395713,0.024911863,0.044193745,0.019075369,0.031410983,0.007926916
2020/1/31,-0.11175126,-0.061837542,-0.005061054,0.005799544,0.001978499,-0.02881669,-0.027943464,0.038940638,0.006606457,0.066146919,0.01373164
2020/2/29,-0.152719229,-0.086521665,-0.096079607,-0.076854053,-0.081820251,-0.067853244,-0.113458043,-0.074478342,-0.063388736,-0.103490579,-0.065347667
2020/3/31,-0.34969291,-0.143466297,-0.192871839,-0.133941963,-0.058601172,-0.039752346,-0.214840074,-0.087062047,-0.12204376,-0.102214486,-0.153974519
2020/4/30,0.296553276,0.152949812,0.0866124,0.205141803,0.066442952,0.125016945,0.09340503,0.137334196,0.135084781,0.031728015,0.093282814
2020/5/31,0.006697747,0.066850461,0.051258505,0.048628891,0.013755994,0.031074916,0.024263871,0.068314072,0.059943721,0.039007934,0.01737811
2020/6/30,-0.01416374,0.018514213,0.019030036,0.049017816,-0.007345921,-0.025322555,-0.005238436,0.070765606,-0.005583473,-0.049958606,0.009894036
2020/7/31,-0.053468294,0.070287189,0.042822728,0.08977384,0.067650028,0.052046501,0.035201971,0.055589392,0.065654865,0.077223321,0.038957475
2020/8/31,-0.020544659,0.041920146,0.083085702,0.094343713,0.045980622,0.025476607,0.041271992,0.118312972,0.090510672,-0.031250012,-0.001112001
2020/9/30,-0.146378966,0.010917656,-0.008442258,-0.036860773,-0.018450425,-0.022906932,-0.036700118,-0.054157027,-0.064820074,0.008014406,-0.02502565
2020/10/31,-0.046903152,-0.00784984,-0.01486135,-0.029527374,-0.029857075,-0.03793608,-0.010467679,-0.051543894,0.00542226,0.049890773,-0.034208679
2020/11/30,0.265658169,0.122307076,0.156378198,0.084801594,0.073358727,0.077673363,0.167537723,0.112610748,0.095446422,0.002555842,0.067908825
2020/12/31,0.04270826,0.023124734,0.011183781,0.024492311,0.014496572,0.037373325,0.060503794,0.056814688,0.030699924,0.004217406,0.009210816
2021/1/31,0.036275858,-0.023830914,-0.043399911,0.003899978,-0.053237027,0.012771832,-0.019268768,-0.009671411,-0.015095489,-0.009559088,0.004738929
2021/2/28,0.214724186,0.0365516,0.066303088,-0.010071613,-0.014956368,-0.022111702,0.113642984,0.010700088,0.061810834,-0.065407201,0.01432439
2021/3/31,0.026930265,0.072867661,0.088195663,0.035875736,0.077103137,0.037421694,0.056157037,0.016421103,0.031023772,0.10126969,0.063463385
2021/4/30,0.004622973,0.053243308,0.035493678,0.070832478,0.020344237,0.03865216,0.064095333,0.052152163,0.076354017,0.042243097,0.081214565
2021/5/31,0.049031219,0.050417465,0.028937554,-0.038867921,0.016491782,0.017354058,0.046762393,-0.010478528,-0.000698865,-0.02778765,0.010933923
2021/6/30,0.045020747,-0.055360643,-0.022787794,0.037490574,-0.00529323,0.021913959,-0.030993651,0.06903786,0.027120531,-0.024273319,0.027520529
2021/7/31,-0.084395035,0.019979799,0.008484989,0.004812068,0.023696649,0.047408347,-0.006059534,0.038184943,0.033856559,0.042104637,0.045528296
2021/8/31,-0.028767475,0.017388915,0.009214835,0.020421076,0.012751847,0.022767766,0.05002469,0.034359877,0.049945207,0.035032199,0.027030741
2021/9/30,0.092806256,-0.074330879,-0.062168228,-0.026156452,-0.04485791,-0.056951847,-0.019866356,-0.05824271,-0.065899993,-0.064233408,-0.066436177
2021/10/31,0.101823777,0.076050977,0.068296953,0.109135572,0.037098728,0.050761768,0.071229672,0.081198019,0.026451262,0.047014635,0.074580138
2021/11/30,-0.058437814,-0.006979623,-0.037088204,0.018988211,-0.012589587,-0.031340582,-0.057869689,0.042289494,-0.051721044,-0.021333569,-0.009670998
2021/12/31,0.029315748,0.073396421,0.052225698,-0.003137673,0.099540785,0.088364459,0.031203869,0.033346247,0.025220457,0.093568645,0.097350805
2022/1/31,0.189691073,-0.068553249,-0.047622233,-0.097041184,-0.015187635,-0.069018006,-0.000799887,-0.069243506,-0.06381788,-0.033103237,-0.085388794
2022/2/28,0.007993199,-0.021222077,-0.034810103,-0.054886699,-0.007079918,-0.03253919,-0.001878359,-0.069088706,-0.095563307,-0.047516198,-0.061342677