Date,Adj Close,Close,High,Low,Open,Volume
2018/6/19,48.46009064,49.95999908,50.06000137,49.58000183,49.70000076,16600
2018/6/20,49.06148529,50.58000183,50.88899994,50.45000076,50.45000076,190000
2018/6/21,48.76079178,50.27000046,50.84999847,50.20000076,50.77000046,428700
2018/6/22,48.97418594,50.49000168,50.61000061,50.18999863,50.59000015,181500
2018/6/25,47.96541214,49.45000076,50.22999954,49.01499939,50.22999954,2509600
2018/6/26,48.04494476,49.5320015,49.77999878,49.34999847,49.72000122,104000
2018/6/27,47.62591934,49.09999847,50,49.09999847,49.81999969,144900
2018/6/28,48.10120392,49.59000015,49.79000092,48.97000122,49.09999847,336500
2018/6/29,48.04300308,49.52999878,49.84000015,49.41999817,49.79999924,152300
2018/7/2,48.34370041,49.84000015,49.84000015,48.93999863,49.11000061,321300
2018/7/3,47.75201035,49.22999954,50,49.18899918,50,97500
2018/7/5,48.479496,49.97999954,50,49.33000183,49.59000015,324900
2018/7/6,49.24578476,50.77000046,50.81600189,49.93000031,50.13999939,199800
2018/7/9,49.52707672,51.06000137,51.20000076,50.65000153,51.20000076,118100
2018/7/10,49.50670624,51.03900146,51.20999908,50.86999893,51.20999908,1153200
2018/7/11,49.43977356,50.97000122,51.22999954,50.65000153,50.70000076,227500
2018/7/12,50.21575928,51.77000046,51.77000046,51.13999939,51.29999924,361400
2018/7/13,50.13815689,51.68999863,51.79999924,51.44900131,51.77999878,80100
2018/7/16,49.99266434,51.54000092,51.77999878,51.45000076,51.77999878,200700
2018/7/17,50.00236511,51.54999924,51.68000031,50.72000122,50.81000137,172600
2018/7/18,49.85686874,51.40000153,51.59999847,51.22999954,51.59000015,147800
2018/7/19,49.50767136,51.04000092,51.47000122,51.00600052,51.43000031,258400
2018/7/20,49.34277344,50.86999893,51.18600082,50.84000015,51.04999924,158400
2018/7/23,49.54647827,51.08000183,51.09999847,50.65000153,50.93000031,94800
2018/7/24,49.89566803,51.43999863,52.11000061,51.15999985,52.11000061,211200
2018/7/25,50.25456238,51.81000137,51.875,51.38000107,51.52999878,604300
2018/7/26,48.3592186,49.85599899,50.02000046,49.56999969,49.75,833400
2018/7/27,47.4416275,48.90999985,49.83000183,48.63800049,49.77000046,1111200
2018/7/30,46.69473648,48.13999939,49.02000046,47.86899948,49.02000046,251300
2018/7/31,47.00513458,48.45999908,48.77000046,48.13999939,48.36999893,1211400
2018/8/1,46.81113052,48.25999832,48.77899933,48.11899948,48.56000137,1250400
2018/8/2,47.12152863,48.58000183,48.65999985,47.90000153,48.09000015,190700
2018/8/3,47.4416275,48.90999985,48.93000031,48.09000015,48.09000015,117200
2018/8/6,47.91690826,49.40000153,49.40999985,48.81999969,48.90999985,110200
2018/8/7,47.97510147,49.45999908,49.79899979,49.41999817,49.68000031,128800
2018/8/8,47.93630981,49.41999817,49.59999847,49.35800171,49.54999924,114200
2018/8/9,48.19820023,49.68999863,49.88499832,49.45999908,49.45999908,306400
2018/8/10,47.79081726,49.27000046,49.52999878,49.15000153,49.52999878,177600
2018/8/13,47.72291565,49.20000076,49.61000061,49.16999817,49.33000183,261000
2018/8/14,48.06241226,49.54999924,49.63000107,49.11000061,49.43999863,189800
2018/8/15,47.39312363,48.86000061,49.29999924,48.49000168,49.24000168,555100
2018/8/16,47.37372208,48.84000015,49.23500061,48.75999832,49.18999863,177600
2018/8/17,47.15063095,48.61000061,48.81000137,48.40000153,48.65999985,226900
2018/8/20,47.22822571,48.68999863,48.84999847,48.37099838,48.84999847,145800
2018/8/21,47.51922226,48.99000168,49.22999954,48.81000137,48.95000076,384900
2018/8/22,47.46101761,48.93000031,49.02999878,48.75,48.84999847,501900
2018/8/23,47.26702499,48.72999954,49.16999817,48.72000122,48.88000107,283700
2018/8/24,47.95570755,49.43999863,49.43999863,48.88000107,48.95999908,330900
2018/8/27,48.42129517,49.91999817,50.01900101,49.6609993,49.75,299200
2018/8/28,48.207901,49.70000076,50.06000137,49.63100052,50.06000137,150200
2018/8/29,48.479496,49.97999954,50.02000046,49.66999817,49.83000183,270900
2018/8/30,48.17880249,49.66999817,50.03499985,49.47999954,49.81000137,344400
2018/8/31,47.70351028,49.18000031,49.61999893,49.04199982,49.61999893,235000
2018/9/4,47.11183167,48.56999969,49.04999924,48.40000153,49.04999924,343700
2018/9/5,46.50074005,47.93999863,48.52000046,47.75999832,48.52000046,773600
2018/9/6,46.15155029,47.58000183,47.97999954,47.16999817,47.90999985,599600
2018/9/7,46.24855423,47.68000031,47.95000076,47.22999954,47.27999878,755700
2018/9/10,46.34553909,47.77999878,47.97999954,47.55899811,47.97999954,310900
2018/9/11,46.81113052,48.25999832,48.36000061,47.65999985,47.72000122,615700
2018/9/12,46.67533493,48.11999893,48.25,47.84999847,48.13000107,713300
2018/9/13,47.00513458,48.45999908,48.52000046,48.20999908,48.31000137,754500
2018/9/14,46.91783142,48.36999893,48.63999939,48.25,48.63999939,1190800
2018/9/17,46.46193695,47.90000153,48.41999817,47.86000061,48.41999817,810800
2018/9/18,46.79172897,48.24000168,48.40999985,47.90000153,47.95000076,430100
2018/9/19,46.91783142,48.36999893,48.41999817,47.99000168,48.29000092,2385200
2018/9/20,47.43192673,48.90000153,48.95000076,48.52000046,48.77000046,4554200
2018/9/21,47.21989441,48.54999924,49.04000092,48.41999817,49.02000046,7974600
2018/9/24,47.21989441,48.54999924,48.61999893,48.00999832,48.20999908,6769400
2018/9/25,47.23934937,48.56999969,48.65000153,48.25,48.54000092,3994500
2018/9/26,47.4241333,48.75999832,49.25,48.59999847,48.65000153,5688600
2018/9/27,47.83263016,49.18000031,49.52999878,48.88999939,49.06000137,3649400
2018/9/28,47.6575737,49,49.11999893,48.79800034,49.06999969,2306600
2018/10/1,47.46304703,48.79999924,49.22000122,48.56999969,49.16999817,7636900
2018/10/2,47.4241333,48.75999832,48.96300125,48.58000183,48.77000046,5823500
2018/10/3,47.63811111,48.97999954,49.18999863,48.84999847,49.02999878,5146200
2018/10/4,46.95728683,48.27999878,48.93000031,47.86999893,48.93000031,5292200
2018/10/5,46.50989151,47.81999969,48.52999878,47.47999954,48.34999847,2648400
2018/10/8,46.35427856,47.65999985,47.83000183,47.00999832,47.59999847,2170000
2018/10/9,46.32509995,47.63000107,48.11999893,47.56999969,47.65999985,1991400
2018/10/10,44.4966011,45.75,47.54000092,45.70999908,47.52999878,4050700
2018/10/11,44.11728668,45.36000061,46.27000046,44.93000031,45.65999985,8840700
2018/10/12,45.09961319,46.36999893,46.5,45.59000015,46.43999863,5877600
2018/10/15,44.9245491,46.18999863,46.68000031,46,46.20999908,1576900
2018/10/16,46.11112976,47.40999985,47.50500107,46.61000061,46.68999863,3707300
2018/10/17,46.29591751,47.59999847,47.74000168,47.11000061,47.74000168,4571000
2018/10/18,45.44975281,46.72999954,47.49000168,46.3769989,47.49000168,21297200
2018/10/19,45.44002533,46.72000122,47.40999985,46.54000092,47,3544400
2018/10/22,45.41085052,46.68999863,47.11999893,46.50999832,46.99000168,2711700
2018/10/23,45.313591,46.59000015,46.79000092,45.63800049,46.02999878,2779600
2018/10/24,43.15441132,44.36999893,46.58000183,44.31999969,46.58000183,3552300
2018/10/25,44.58413696,45.84000015,46.15000153,45.16999817,45.16999817,3391700
2018/10/26,43.37810516,44.59999847,45.59999847,44.04000092,44.43000031,5229100
2018/10/29,42.70700836,43.90999985,45.59999847,43.06999969,45.29999924,3491000
2018/10/30,43.87414169,45.11000061,45.16999817,43.66500092,43.84000015,6283600
2018/10/31,44.77865982,46.04000092,46.54999924,45.79000092,45.99000168,3577200
2018/11/1,45.04126358,46.31000137,46.40999985,45.74000168,46.18999863,2550000
2018/11/2,44.58413696,45.84000015,46.7480011,45.54000092,46.45000076,2628600
2018/11/5,44.3993454,45.65000153,45.93000031,45.31999969,45.93000031,2439500
2018/11/6,44.66194153,45.91999817,46.18000031,45.56999969,45.70000076,2040300
2018/11/7,45.47893143,46.75999832,46.79000092,46.16999817,46.38999939,2705800
2018/11/8,45.05099106,46.31999969,46.79000092,46.04999924,46.79000092,1295700
2018/11/9,44.12701797,45.36999893,45.90999985,45.00999832,45.74000168,2234500
2018/11/12,43.46564102,44.68999863,45.36999893,44.5,45.31999969,1203700
2018/11/13,43.32948303,44.54999924,45.29000092,44.45999908,44.88999939,2186100
2018/11/14,43.54345322,44.77000046,45.15000153,44.40999985,45.02999878,2137500
2018/11/15,43.8644104,45.09999847,45.18000031,44.13600159,44.56000137,3864100
2018/11/16,43.65044403,44.88000107,45.04999924,44.45000076,44.84000015,2092100
2018/11/19,42.32770157,43.52000046,44.75999832,43.38999939,44.72999954,2358000
2018/11/20,41.77331161,42.95000076,43.41999817,42.38000107,42.74000168,5028200
2018/11/21,42.26935196,43.45999908,43.86000061,43.31999969,43.38999939,3187400
2018/11/23,41.71496201,42.88999939,43.33000183,42.88999939,43.18999863,667100
2018/11/26,42.66811371,43.86999893,43.88000107,43.27999878,43.38999939,2563700
2018/11/27,42.80427551,44.00999832,44.15000153,43.52999878,43.72000122,2114400
2018/11/28,43.69907379,44.93000031,44.93000031,43.72999954,44.24000168,2707400
2018/11/29,43.84495926,45.08000183,45.30500031,44.53499985,44.68999863,2247700
2018/11/30,43.77687454,45.00999832,45.15999985,44.63999939,45.15999985,5563500
2018/12/3,43.84495926,45.08000183,45.97999954,44.90000153,45.97999954,5790400
2018/12/4,42.55139923,43.75,45.25999832,43.65000153,45,3268000
2018/12/6,43.02797699,44.24000168,44.24000168,42.97000122,43.09999847,3560400
2018/12/7,42.21098709,43.40000153,44.45000076,43.20999908,44.09000015,2625800
2018/12/10,42.53194809,43.72999954,43.93999863,42.9070015,43.52000046,3379500
2018/12/11,42.57085037,43.77000046,44.36000061,43.52999878,44.25999832,4425900
2018/12/12,43.02797699,44.24000168,44.83000183,44.18000031,44.18000031,3352600
2018/12/13,42.83345032,44.04000092,44.54000092,43.75999832,44.38000107,1984100
2018/12/14,42.4152298,43.61000061,44.13999939,43.52000046,43.59000015,1910800
2018/12/17,41.58852005,42.75999832,43.84000015,42.43999863,43.45000076,3275000
2018/12/18,41.77331161,42.95000076,43.41999817,42.70000076,42.99000168,3597400
2018/12/19,40.87852478,42.02999878,43.56999969,41.79000092,42.88999939,5714100
2018/12/20,40.15879822,41.29000092,42.20999908,40.76699829,41.77999878,9067000
2018/12/21,38.84540558,39.81000137,41.61000061,39.5,41.25999832,7987400
2018/12/24,38.02575684,38.97000122,40.15999985,38.97000122,39.52999878,3888500
2018/12/26,40.16268539,41.15999985,41.18000031,39.04100037,39.27000046,4104000
2018/12/27,40.34809494,41.34999847,41.34999847,39.75,40.59000015,3768600
2018/12/28,40.221241,41.22000122,41.84000015,40.95999908,41.50999832,2631900
2018/12/31,40.27978897,41.27999878,41.68000031,40.75999832,41.54000092,5303600
2019/1/2,40.81645966,41.83000183,42.03499985,40.52000046,40.59999847,4625800
2019/1/3,40.13342285,41.13000107,41.88000107,41.06000137,41.56000137,3433700
2019/1/4,41.8605423,42.90000153,43.00999832,41.66999817,41.81000137,2647900
2019/1/7,42.33866119,43.38999939,43.56999969,42.81000137,42.95000076,4048400
2019/1/8,43.0509758,44.11999893,44.18000031,43.49000168,43.81000137,2144800
2019/1/9,43.10952377,44.18000031,44.29000092,43.79000092,44.25999832,1840800
2019/1/10,43.19733429,44.27000046,44.33000183,43.65999985,43.99000168,1340500
2019/1/11,42.98266983,44.04999924,44.11999893,43.65999985,43.99000168,1227900
2019/1/14,42.8265419,43.88999939,44.06200027,43.54999924,43.75999832,2344900
2019/1/15,43.53886032,44.61999893,44.72000122,44.02999878,44.11000061,2459700
2019/1/16,43.35346222,44.43000031,44.77999878,44.36999893,44.66999817,20343800
2019/1/17,43.52910614,44.61000061,44.72999954,44.18999863,44.33000183,3311000
2019/1/18,43.88038635,44.97000122,45.27500153,44.75999832,44.93999863,3375800
2019/1/22,42.97291183,44.04000092,44.72000122,43.75999832,44.65999985,4343200
2019/1/23,42.77776337,43.84000015,44.36999893,43.43999863,44.29000092,2540500
2019/1/24,42.97291183,44.04000092,44.09000015,43.59000015,43.81999969,2878700
2019/1/25,43.51934052,44.59999847,44.74000168,44.34999847,44.43000031,3341100
2019/1/28,43.13879395,44.20999908,44.27000046,43.82099915,44.18000031,4328200
2019/1/29,42.63139343,43.68999863,44.18999863,43.54999924,44.18000031,1138100
2019/1/30,43.2461319,44.31999969,44.40399933,43.50999832,43.95000076,2578000
2019/1/31,45.01227951,46.13000107,46.31999969,45.40999985,45.5,4798700
2019/2/1,44.85614777,45.97000122,46.36000061,45.90999985,46.02999878,4395100
2019/2/4,45.27573776,46.40000153,46.40000153,45.86000061,46.00999832,3703100
2019/2/5,45.77338028,46.90999985,46.95000076,46.33000183,46.36000061,2388600
2019/2/6,44.74881744,45.86000061,46.52999878,45.75999832,46.52999878,3748900
2019/2/7,44.31947327,45.41999817,45.5890007,44.93000031,45.45000076,2341500
2019/2/8,44.6219635,45.72999954,45.72999954,45.06000137,45.09999847,2600400
2019/2/11,44.16335297,45.25999832,46.02000046,45.22999954,45.91999817,2061100
2019/2/12,44.67074966,45.77999878,45.93999863,45.66999817,45.68999863,2442900
2019/2/13,44.70003128,45.81000137,46.16999817,45.77000046,45.97000122,3620700
2019/2/14,44.86590576,45.97999954,46.18799973,45.38000107,45.56999969,2103300
2019/2/15,45.06106186,46.18000031,46.29999924,45.93999863,46.29999924,2283500
2019/2/19,45.10985184,46.22999954,46.40000153,45.97999954,46.04999924,4218800
2019/2/20,44.95372391,46.06999969,46.38000107,45.81999969,46.27999878,3566300
2019/2/21,44.53414154,45.63999939,45.98799896,45.47000122,45.95999908,2631200
2019/2/22,44.95372391,46.06999969,46.09000015,45.72000122,45.83000183,4005400
2019/2/25,45.00250626,46.11999893,46.40499878,46.08000183,46.34000015,2410800
2019/2/26,45.00250626,46.11999893,46.33399963,45.84999847,45.97999954,4704600
2019/2/27,44.77808762,45.88999939,46.08000183,45.56000137,45.90999985,4009800
2019/2/28,44.80735779,45.91999817,46.06999969,45.81000137,45.84999847,2374200
2019/3/1,45.158638,46.27999878,46.29999924,46.00999832,46.22000122,7114200
2019/3/4,45.21718216,46.34000015,46.63000107,45.74499893,46.50999832,2906600
2019/3/5,45.50016022,46.63000107,46.75999832,46.11999893,46.34999847,2805900
2019/3/6,45.48064804,46.61000061,46.80799866,46.47000122,46.70999908,6131600
2019/3/7,45.08057785,46.20000076,46.54999924,45.97000122,46.54999924,3377700
2019/3/8,45.05130005,46.16999817,46.20000076,45.56000137,45.70000076,2566500
2019/3/11,45.86119461,47,47.00999832,46.29000092,46.29000092,3594000
2019/3/12,46.06610107,47.20999908,47.34999847,47.06999969,47.09000015,8112500
2019/3/13,46.20271301,47.34999847,47.52999878,47.20000076,47.38000107,3486900
2019/3/14,45.99780273,47.13999939,47.29999924,47,47.20000076,3539800
2019/3/15,45.96163559,47.02000046,47.15999985,46.75699997,47.11999893,6868900
2019/3/18,45.57063293,46.61999893,46.86999893,46.51499939,46.81999969,2807200
2019/3/19,45.64883804,46.70000076,47.06999969,46.51499939,46.79999924,3570800
2019/3/20,46.05937958,47.11999893,47.25999832,46.52999878,46.70000076,7390700
2019/3/21,46.66543198,47.74000168,47.77700043,46.93000031,46.97000122,3183200
2019/3/22,45.91276169,46.97000122,47.71699905,46.83000183,47.52000046,5174600
2019/3/25,45.83455658,46.88999939,47.11999893,46.59000015,46.84000015,2408500
2019/3/26,46.05937958,47.11999893,47.54000092,46.90999985,47.13000107,2488600
2019/3/27,45.72703552,46.77999878,47.27999878,46.52999878,47.18000031,2465700
2019/3/28,45.61951447,46.66999817,46.79999924,46.43999863,46.74000168,1891100
2019/3/29,45.71726227,46.77000046,46.95999908,46.40000153,46.91999817,2542900
2019/4/1,46.41127777,47.47999954,47.52000046,47.13000107,47.13000107,4249700
2019/4/2,46.65565109,47.72999954,47.79999924,47.45700073,47.61999893,3323300
2019/4/3,46.831604,47.90999985,48.33000183,47.81000137,47.95000076,2303600
2019/4/4,47.09552002,48.18000031,48.34899902,47.93999863,48.11000061,2788100
2019/4/5,47.23236847,48.31999969,48.36000061,48.16999817,48.34999847,2379700
2019/4/8,47.14440155,48.22999954,48.27999878,47.99000168,48.25999832,2340500
2019/4/9,47.27146912,48.36000061,48.43999863,48.11000061,48.11999893,4872800
2019/4/10,47.47674942,48.56999969,48.59999847,48.29999924,48.47000122,2265200
2019/4/11,47.50606537,48.59999847,48.72000122,48.51499939,48.65999985,2115300
2019/4/12,47.91661453,49.02000046,49.06000137,48.79499817,48.97000122,4894100
2019/4/15,47.8775177,48.97999954,49.06499863,48.68999863,49.02999878,2345700
2019/4/16,47.92638779,49.02999878,49.16999817,48.84000015,49.11999893,2157000
2019/4/17,48.01436615,49.11999893,49.24499893,49.00999832,49.22000122,2826000
2019/4/18,48.04368973,49.15000153,49.25,49.00999832,49.25,1755100
2019/4/22,48.25873184,49.36999893,49.36999893,49.0019989,49.04999924,2126800
2019/4/23,48.90388489,50.02999878,50.15000153,49.50999832,49.63000107,3929800
2019/4/24,48.67905807,49.79999924,50.04999924,49.72000122,50.04000092,3311500
2019/4/25,49.2264595,50.36000061,50.66999817,50.20000076,50.65999985,3064600
2019/4/26,49.6174469,50.75999832,50.77999878,50.22999954,50.49000168,2076600
2019/4/29,50.06710052,51.22000122,51.34000015,50.86999893,50.86999893,1340700
2019/4/30,48.94297791,50.06999969,50.41999817,49.88499832,50.27999878,3197100
2019/5/1,48.68883514,49.81000137,50.375,49.80500031,50.27999878,4262700
2019/5/2,48.49334335,49.61000061,49.97000122,49.18999863,49.84999847,4680800
2019/5/3,48.96252823,50.09000015,50.11999893,49.68500137,49.86999893,2050400
2019/5/6,48.88433075,50.00999832,50.09000015,49.25999832,49.27000046,3159800
2019/5/7,48.09256744,49.20000076,49.83000183,48.81000137,49.72000122,4342100
2019/5/8,48.01436615,49.11999893,49.40999985,49.06999969,49.22000122,3453500
2019/5/9,47.86774445,48.97000122,49.15000153,48.45999908,48.72999954,4241500
2019/5/10,48.00459671,49.11000061,49.2879982,48.16999817,48.86999893,2900500
2019/5/13,46.51880646,47.59000015,48.41999817,47.45000076,48.11999893,8211000
2019/5/14,46.78272629,47.86000061,48.27999878,47.54000092,47.86999893,5332000
2019/5/15,47.82864761,48.93000031,49.08000183,47.61000061,47.61000061,7292700
2019/5/16,48.24896622,49.36000061,49.61000061,48.88199997,48.95999908,4627100
2019/5/17,47.89707565,49,49.50999832,48.88000107,48.93999863,3662800
2019/5/20,47.10530472,48.18999863,48.58000183,48.06000137,48.5,3854100
2019/5/21,47.62336731,48.72000122,48.81000137,48.38000107,48.58000183,3023900
2019/5/22,47.57448959,48.66999817,48.99000168,48.56999969,48.56999969,2793700
2019/5/23,46.90980148,47.99000168,48.31999969,47.70999908,48.18000031,2570200
2019/5/24,46.9000206,47.97999954,48.41999817,47.95000076,48.27000046,3442300
2019/5/28,47.10530472,48.18999863,48.61000061,48.13999939,48.18000031,2793400
2019/5/29,46.64587784,47.72000122,48.04999924,47.50500107,47.99000168,2512500
2019/5/30,46.75340271,47.83000183,47.96699905,47.58000183,47.81999969,2520600
2019/5/31,46.03006363,47.09000015,47.38600159,47.02000046,47.27000046,2484800
2019/6/3,44.58337021,45.61000061,46.63000107,45.31000137,46.63000107,7155200
2019/6/4,45.54130936,46.59000015,46.59000015,45.66999817,45.99000168,7110700
2019/6/5,45.56087112,46.61000061,46.72000122,46.16999817,46.72000122,5526400
2019/6/6,45.75636292,46.81000137,46.88999939,46.44900131,46.70000076,3175900
2019/6/7,46.49925613,47.56999969,47.72999954,46.97000122,47.00999832,3345600
2019/6/10,46.4601593,47.52999878,48.04000092,47.45999908,47.86999893,5163000
2019/6/11,46.65565109,47.72999954,48.16999817,47.67200089,48.04999924,2869800
2019/6/12,46.43082809,47.5,47.90000153,47.32500076,47.70999908,2459400
2019/6/13,46.9488945,48.02999878,48.04999924,47.54000092,47.65000153,6500400
2019/6/14,47.03688049,48.11999893,48.25999832,47.93999863,48.11000061,2734900
2019/6/17,47.57448959,48.66999817,48.79000092,48.25999832,48.29999924,4248700
2019/6/18,47.83841705,48.93999863,49.56999969,48.86999893,49.33000183,3843500
2019/6/19,47.89707565,49,49.06999969,48.59999847,48.93999863,3319400
2019/6/20,48.20009232,49.31000137,49.63399887,48.95999908,49.61000061,3340000
2019/6/21,48.40389252,49.40000153,49.47999954,49.06000137,49.11000061,10006600
2019/6/24,48.52147293,49.52000046,49.61999893,49.31999969,49.49000168,5236900
2019/6/25,47.62002945,48.59999847,49.5,48.50500107,49.5,2431900
2019/6/26,47.43385315,48.40999985,48.95999908,48.31999969,48.75,2380900
2019/6/27,47.76699829,48.75,48.84000015,48.52000046,48.74000168,1984700
2019/6/28,48.2275238,49.22000122,49.25999832,48.72000122,48.88000107,6084800
2019/7/1,48.61945343,49.61999893,49.88999939,49.43000031,49.77000046,2851800
2019/7/2,49.0701828,50.08000183,50.11000061,49.63999939,49.63999939,2336600
2019/7/3,49.32493591,50.34000015,50.45999908,50.11000061,50.20999908,1260700
2019/7/5,49.39352798,50.40999985,50.47999954,49.86000061,50.18999863,3006100
2019/7/8,48.95260239,49.95999908,50.21500015,49.84000015,50.20999908,1152800
2019/7/9,49.25635529,50.27000046,50.34999847,49.70999908,49.77999878,1714900
2019/7/10,49.81485748,50.84000015,50.89500046,50.40000153,50.59999847,2294400
2019/7/11,49.84424591,50.86999893,51.06999969,50.65999985,50.95000076,5463100
2019/7/12,50.20679092,51.24000168,51.25,50.77999878,50.86000061,2621800
2019/7/15,50.21659088,51.25,51.31000137,50.97000122,51.27000046,4075900
2019/7/16,50.09901428,51.13000107,51.34999847,51.04000092,51.27999878,2540800
2019/7/17,49.62869644,50.65000153,51.22000122,50.65000153,51.15000153,4760700
2019/7/18,49.22695541,50.24000168,50.31999969,49.84500122,50.18000031,1813800
2019/7/19,48.59005737,49.59000015,50.45000076,49.54999924,50.45000076,1979600
2019/7/22,48.77623367,49.77999878,49.79999924,49.45500183,49.74000168,2391500
2019/7/23,48.96239853,49.97000122,49.97999954,49.5,49.93999863,2624700
2019/7/24,49.39352798,50.40999985,50.45999908,49.56000137,49.59999847,1840700
2019/7/25,49.26614761,50.27999878,50.63999939,49.97999954,50.49000168,2192600
2019/7/26,50.67711639,51.72000122,51.86999893,51.13999939,51.16999817,5049700
2019/7/29,50.39296341,51.43000031,51.63999939,51.16999817,51.63999939,2582300
2019/7/30,50.15779877,51.18999863,51.39799881,51.04000092,51.11000061,2095800
2019/7/31,49.75605774,50.77999878,51.50999832,50.34000015,51.22000122,2090800
2019/8/1,49.52090836,50.54000092,51.59999847,50.33100128,50.91999817,4095700
2019/8/2,49.04079056,50.04999924,50.43000031,49.75,50.29000092,4656200
2019/8/5,47.45344925,48.43000031,49.25999832,47.97000122,49.09000015,6247900
2019/8/6,48.13933945,49.13000107,49.38000107,48.68000031,48.95999908,6548200
2019/8/7,48.19813538,49.18999863,49.30500031,48.16400146,48.54999924,3323300
2019/8/8,49.16816711,50.18000031,50.18999863,49.31999969,49.59000015,2456700
2019/8/9,48.61945343,49.61999893,50.08000183,49.31000137,49.88000107,1837100
2019/8/12,48.10015106,49.09000015,49.43000031,48.88000107,49.38000107,2329400
2019/8/13,48.80562973,49.81000137,50.29000092,48.97999954,49.04000092,4091700
2019/8/14,47.07131958,48.04000092,49.15000153,47.97000122,49.11000061,4532700
2019/8/15,47.14970779,48.11999893,48.36999893,47.77999878,48.20000076,3998600
2019/8/16,47.75720978,48.74000168,48.81999969,48.38000107,48.52000046,2499600
2019/8/19,48.50187302,49.5,49.70999908,49.27000046,49.31000137,2163500
2019/8/20,48.17853928,49.16999817,49.50999832,49.06000137,49.33000183,2156600
2019/8/21,48.36470032,49.36000061,49.59000015,49.29999924,49.5,2792300
2019/8/22,48.25691605,49.25,49.57500076,48.79999924,49.47999954,1649100
2019/8/23,46.93414307,47.90000153,49.38000107,47.73500061,49,4020300
2019/8/26,47.63961792,48.61999893,48.63000107,48.09999847,48.34999847,3155300
2019/8/27,47.72780991,48.70999908,49.16999817,48.56000137,49.09999847,3139100
2019/8/28,47.84539413,48.83000183,48.90000153,48.31000137,48.50999832,2088900
2019/8/29,48.59005737,49.59000015,49.74000168,49.22000122,49.34000015,2169000
2019/8/30,48.53126907,49.52999878,49.86000061,49.29000092,49.81000137,3045500
2019/9/3,48.05115509,49.04000092,49.51499939,48.90999985,49.18999863,3122100
2019/9/4,48.98199844,49.99000168,50.08000183,49.45500183,49.52000046,1865900
2019/9/5,49.81485748,50.84000015,50.89500046,50.38999939,50.47999954,3624600
2019/9/6,49.70707321,50.72999954,50.93000031,50.63999939,50.84999847,3445400
2019/9/9,49.86384583,50.88999939,51.20000076,50.61000061,51,6421800
2019/9/10,49.93243027,50.95999908,51.09000015,50.63499832,50.70000076,3638500
2019/9/11,50.1969986,51.22999954,51.31000137,50.95000076,51,6274100
2019/9/12,50.34396362,51.38000107,51.65000153,51.31100082,51.54000092,4014500
2019/9/13,50.25577927,51.29000092,51.5,51.18000031,51.38000107,3569400
2019/9/16,50.06960678,51.09999847,51.22999954,50.90000153,50.99000168,2527600
2019/9/17,50.11860657,51.15000153,51.15999985,50.81000137,51.09000015,4556200
2019/9/18,50.05981827,51.09000015,51.15000153,50.54000092,51.06999969,1741500
2019/9/19,50.10881042,51.13999939,51.43999863,50.99000168,51.18999863,2357900
2019/9/20,49.78372192,50.68999863,51.11999893,50.40999985,51.11999893,6357900
2019/9/23,49.60694504,50.50999832,50.65000153,50.25999832,50.52000046,2177300
2019/9/24,48.86053085,49.75,50.70000076,49.47999954,50.68999863,5371100
2019/9/25,49.42034531,50.31999969,50.40999985,49.38000107,49.72000122,2181200
2019/9/26,48.93909836,49.83000183,50.20999908,49.47499847,50.20999908,1793800
2019/9/27,48.38911819,49.27000046,49.93000031,48.88999939,49.91999817,1852900
2019/9/30,48.63464737,49.52000046,49.60499954,49.27600098,49.36999893,2466600
2019/10/1,48.14358139,49.02000046,49.79000092,48.93999863,49.65000153,2758700
2019/10/2,47.41682053,48.27999878,48.68999863,48.06999969,48.63999939,4405500
2019/10/3,47.87840652,48.75,48.79000092,47.72000122,48.31999969,6945800
2019/10/4,48.52661514,49.40999985,49.47999954,48.84000015,48.93000031,1920200
2019/10/7,48.52661514,49.40999985,49.72999954,49.13999939,49.27999878,1365500
2019/10/8,47.74091339,48.61000061,49.20999908,48.61000061,49.08000183,2431400
2019/10/9,48.02573776,48.90000153,49.08000183,48.74499893,48.90999985,4070600
2019/10/10,48.30072403,49.18000031,49.36999893,48.77999878,48.84000015,3093400
2019/10/11,48.87035751,49.75999832,50.20000076,49.63999939,49.65000153,4104900
2019/10/14,48.76231766,49.65000153,49.77500153,49.52999878,49.70999908,1246200
2019/10/15,49.59712219,50.5,50.61000061,49.65999985,49.72999954,2105200
2019/10/16,49.68551636,50.59000015,50.65000153,50.34999847,50.38000107,2285200
2019/10/17,49.98014832,50.88999939,51.00999832,50.70000076,50.99000168,2037200
2019/10/18,49.40069962,50.29999924,50.91500092,50.02000046,50.75999832,1958200
2019/10/21,49.69533539,50.59999847,50.71300125,50.45299911,50.50999832,1425400
2019/10/22,49.21409607,50.11000061,50.72999954,50.08499908,50.68000031,2433600
2019/10/23,49.59712219,50.5,50.54999924,50.09999847,50.09999847,1958500
2019/10/24,49.03731918,49.93000031,50.25,49.75999832,50.24000168,2444800
2019/10/25,49.42034531,50.31999969,50.58000183,49.90000153,50,1210800
2019/10/28,49.88194656,50.79000092,50.93999863,50.54000092,50.58000183,2882900
2019/10/29,49.43016815,50.33000183,50.77000046,50.24000168,50.68999863,1788600
2019/10/30,49.56765366,50.47000122,50.61000061,50.09500122,50.45000076,3900600
2019/10/31,49.71498489,50.61999893,50.84000015,50.16999817,50.84000015,4059900
2019/11/1,50.03907776,50.95000076,50.95999908,50.56000137,50.90999985,3450700
2019/11/4,50.31407928,51.22999954,51.31499863,51.02999878,51.11999893,4650500
2019/11/5,50.33371353,51.25,51.36999893,51.15000153,51.27000046,1886900
2019/11/6,50.15693283,51.06999969,51.27000046,50.84000015,51.25,2288300
2019/11/7,50.47121048,51.38999939,51.75,51.20000076,51.27999878,1976200
2019/11/8,50.60870743,51.52999878,51.68999863,51.31000137,51.38000107,1537500
2019/11/11,50.37299728,51.29000092,51.36000061,51.15999985,51.25,1133400
2019/11/12,50.43192291,51.34999847,51.52999878,51.20999908,51.34000015,6801000
2019/11/13,50.41228867,51.33000183,51.45500183,51.11999893,51.22999954,1471400
2019/11/14,50.63817215,51.56000137,51.65999985,51.22999954,51.29999924,1526200
2019/11/15,51.06048965,51.99000168,52.00999832,51.66999817,51.84000015,2798500
2019/11/18,51.23726273,52.16999817,52.25999832,51.63000107,51.90999985,1833000
2019/11/19,51.26672745,52.20000076,52.31999969,51.93999863,52.31999969,2134400
2019/11/20,50.9524498,51.88000107,52.13999939,51.47999954,51.95999908,2428600
2019/11/21,51.08995056,52.02000046,52.20000076,51.73500061,51.93000031,1374400
2019/11/22,51.10959625,52.04000092,52.13999939,51.81000137,52.11000061,1623200
2019/11/25,51.26672745,52.20000076,52.26499939,52.09000015,52.20999908,2358700
2019/11/26,51.43368912,52.36999893,52.38999939,52.11999893,52.31000137,2146600
2019/11/27,51.79708099,52.74000168,52.79999924,52.45000076,52.52999878,3416700
2019/11/29,51.62029648,52.56000137,52.75,52.50999832,52.61999893,2396400
2019/12/2,51.1292305,52.06000137,52.70000076,51.75,52.61000061,4503300
2019/12/3,51.0310173,51.95999908,52.00500107,51.29999924,51.56000137,3795500
2019/12/4,51.29619217,52.22999954,52.40499878,52.08000183,52.25,4519600
2019/12/5,51.51226425,52.45000076,52.47000122,52.11000061,52.45999908,3688600
2019/12/6,51.81672287,52.75999832,52.83000183,52.63000107,52.79999924,4971800
2019/12/9,51.62029648,52.56000137,53.04999924,52.54000092,52.66999817,3016100
2019/12/10,51.44351196,52.38000107,52.59000015,52.24000168,52.54000092,6432200
2019/12/11,51.67922592,52.61999893,52.65999985,52.41999817,52.5,1436500
2019/12/12,51.73815155,52.68000031,53.06000137,52.40000153,52.63999939,2866800
2019/12/13,51.62029648,52.56000137,52.78499985,52.33499908,52.66999817,2834400
2019/12/16,52.13100052,53.08000183,53.15000153,52.84999847,52.84999847,5780800
2019/12/17,52.08189011,53.02999878,53.20999908,52.93999863,53.08000183,3222500
2019/12/18,52.43545532,53.38999939,53.57099915,53.15000153,53.20999908,1862800
2019/12/19,52.91669464,53.88000107,53.88000107,53.43000031,53.43000031,1873000
2019/12/20,53.08106613,53.93000031,54.08499908,53.65000153,54.04999924,3109700
2019/12/23,52.94327545,53.79000092,54.14500046,53.75500107,54.08000183,3248600
2019/12/24,52.9334259,53.77999878,53.88999939,53.73500061,53.84999847,891200
2019/12/26,53.33696747,54.18999863,54.18999863,53.84999847,53.84999847,830200
2019/12/27,53.23854446,54.09000015,54.34999847,53.97999954,54.31999969,3205000
2019/12/30,52.68736267,53.52999878,54.11000061,53.47000122,54.11000061,2141300
2019/12/31,52.7857933,53.63000107,53.70000076,53.38000107,53.43999863,2049700
2020/1/2,53.40586472,54.25999832,54.25999832,53.74000168,53.97000122,6379500
2020/1/3,53.06138229,53.90999985,54.20000076,53.56000137,53.66999817,2351400
2020/1/6,53.77004623,54.63000107,54.66999817,53.59999847,53.61000061,2535900
2020/1/7,53.8389473,54.70000076,54.90999985,54.50999832,54.68999863,2642800
2020/1/8,54.22280884,55.09000015,55.36500168,54.65999985,54.72999954,4161200
2020/1/9,54.50824738,55.38000107,55.55500031,55.09500122,55.52999878,2297100
2020/1/10,54.2917099,55.15999985,55.59000015,55.08000183,55.59000015,1941800
2020/1/13,54.8035202,55.68000031,55.70999908,55.18000031,55.41999817,2854000
2020/1/14,54.66572189,55.54000092,55.78499985,55.47000122,55.66999817,2909600
2020/1/15,54.93147278,55.81000137,55.91999817,55.5929985,55.68000031,2136800
2020/1/16,55.35470581,56.24000168,56.24000168,55.86999893,56.04999924,2031600
2020/1/17,55.78778076,56.68000031,56.69499969,56.29999924,56.47999954,6103700
2020/1/21,55.73857117,56.63000107,56.72600174,56.34000015,56.58000183,3182000
2020/1/22,55.70903397,56.59999847,56.90499878,56.54000092,56.86999893,4542800
2020/1/23,55.48265457,56.36999893,56.52999878,56.20999908,56.5,1985600
2020/1/24,54.81336212,55.68999863,56.50999832,55.43000031,56.50999832,3175800
2020/1/27,53.95706177,54.81999969,55.02999878,54.50999832,54.65000153,5708800
2020/1/28,54.57714081,55.45000076,55.67499924,54.90999985,55.16999817,6526600
2020/1/29,54.48855209,55.36000061,55.75999832,55.15999985,55.75999832,5983800
2020/1/30,53.9373703,54.79999924,54.83000183,53.97399902,54.11000061,3163200
2020/1/31,53.06138229,53.90999985,54.79999924,53.79000092,54.79999924,3635500
2020/2/3,53.69131088,54.54999924,54.81000137,54.34999847,54.34999847,5905700
2020/2/4,54.25233459,55.11999893,55.15100098,54.34000015,54.77000046,3504000
2020/2/5,54.34091949,55.20999908,55.65000153,54.91999817,55.59999847,3771700
2020/2/6,55.02005768,55.90000153,55.99499893,55.47999954,55.47999954,1998100
2020/2/7,54.98069,55.86000061,56.06000137,55.54999924,55.72000122,2698600
2020/2/10,55.3054924,56.18999863,56.20000076,55.68999863,55.72999954,4420500
2020/2/11,55.24644089,56.13000107,56.56000137,56.06000137,56.47999954,1703300
2020/2/12,55.96494293,56.86000061,56.93999863,56.38999939,56.40999985,1730200
2020/2/13,55.97479248,56.86999893,57.08499908,56.40999985,56.54000092,2761600
2020/2/14,56.04367828,56.93999863,57.02999878,56.70500183,56.91999817,2111700
2020/2/18,56.41770935,57.31999969,57.43500137,56.81000137,56.81999969,2952900
2020/2/19,56.6736145,57.58000183,57.75,57.31000137,57.52999878,4301800
2020/2/20,56.09289932,56.99000168,57.375,56.45999908,57.33000183,2939000
2020/2/21,55.23659515,56.11999893,56.81999969,55.95999908,56.72999954,2927400
2020/2/24,53.38618851,54.24000168,54.77999878,53.84999847,54.40000153,5297200
2020/2/25,51.95901108,52.79000092,54.65999985,52.68999863,54.43000031,13048800
2020/2/26,51.86058044,52.68999863,53.76100159,52.40000153,53.09999847,6991500
2020/2/27,49.81332779,50.61000061,52.40999985,50.61000061,51.68000031,8635300
2020/2/28,49.96096802,50.75999832,50.84999847,49.04000092,49.20000076,17880300
2020/3/2,51.69326019,52.52000046,52.52000046,50.43999863,51.29000092,7324000
2020/3/3,49.9905014,50.79000092,53.20999908,50.47999954,52.59000015,9167600
2020/3/4,51.79168701,52.61999893,52.65000153,51.16999817,51.65999985,3398100
2020/3/5,49.90191269,50.70000076,51.75999832,50.31999969,51.43999863,4009100
2020/3/6,49.03576279,49.81999969,50.08000183,48.61999893,49.08000183,6736400
2020/3/9,45.76802444,46.5,48.20000076,45,46.54999924,6080000
2020/3/10,48.10071564,48.86999893,48.88999939,46.38000107,48.06000137,5108100
2020/3/11,46.03377533,46.77000046,47.93000031,46.08000183,47.68999863,5854600
2020/3/12,41.71287918,42.38000107,45.38999939,41.04999924,43.75999832,9472200
2020/3/13,45.46290588,46.18999863,46.25,42.63000107,45.00999832,7604700
2020/3/16,40.33491898,40.97999954,43.68999863,39.11000061,39.50999832,19813500
2020/3/17,42.08689499,42.75999832,43.45999908,40.15000153,41.79999924,14016600
2020/3/18,40.68925095,41.34000015,41.68999863,38.68000031,40.29999924,18094800
2020/3/19,41.41760635,42.08000183,43.52000046,40.20000076,41.00999832,14289200
2020/3/20,39.58688354,40.22000122,42.91999817,40.04999924,42.86999893,10077800
2020/3/23,39.79711533,40.31999969,41.16999817,39.02999878,40.00999832,15113800
2020/3/24,42.24495316,42.79999924,42.79999924,41.47000122,42.31999969,6497900
2020/3/25,41.59351349,42.13999939,43.95000076,41.41999817,42.65999985,5291400
2020/3/26,43.96239471,44.54000092,44.72999954,42.36999893,42.47999954,4691000
2020/3/27,42.20546722,42.75999832,43.93500137,42.59000015,43.27999878,3378100
2020/3/30,43.7452507,44.31999969,44.47000122,42.68999863,43.15999985,3025600
2020/3/31,43.66628647,44.24000168,45.03499985,43.94900131,44.31000137,4777200
2020/4/1,41.92910385,42.47999954,43.45000076,42.08000183,42.95000076,5481200
2020/4/2,42.4621048,43.02000046,43.29000092,42.24000168,42.29999924,4537200
2020/4/3,41.60338593,42.15000153,43.11000061,41.59000015,42.93999863,3071800
2020/4/6,44.34733963,44.93000031,45.16999817,43.47999954,43.72999954,3294700
2020/4/7,44.67304993,45.25999832,46.45000076,45.11999893,46.31000137,3694300
2020/4/8,45.63047409,46.22999954,46.43999863,45.29000092,45.75999832,2628200
2020/4/9,45.96606827,46.56999969,47.06000137,46.08000183,46.79999924,3256500
2020/4/13,46.03515625,46.63999939,46.72999954,45.56000137,46.45000076,2606200
2020/4/14,47.39726257,48.02000046,48.34600067,47.31999969,47.61000061,5554200
2020/4/15,46.95309448,47.56999969,47.97000122,46.97999954,47.18000031,1969100
2020/4/16,47.14063263,47.75999832,47.91999817,47.08000183,47.91999817,2475600
2020/4/17,47.78220367,48.40999985,48.59999847,47.75999832,48.59999847,3348400
2020/4/20,47.34790802,47.97000122,48.56000137,47.79999924,47.95999908,1948500
2020/4/21,45.85749054,46.45999908,47.43600082,46.11999893,47.34999847,4167700
2020/4/22,47.09128189,47.70999908,48.06000137,47.22999954,47.68000031,2151700
2020/4/23,47.42686462,48.04999924,48.63000107,47.77999878,47.93999863,2486900
2020/4/24,48.02896118,48.65999985,48.68999863,47.5,47.95000076,2693000
2020/4/27,48.4237709,49.06000137,49.29999924,48.91500092,49.13999939,2022300
2020/4/28,47.54531479,48.16999817,49.56000137,48.09000015,49.56000137,2583000
2020/4/29,49.8451004,50.5,50.95999908,49.79999924,49.90000153,3551600
2020/4/30,49.62795258,50.27999878,50.84999847,49.85200119,50.52999878,3663100
2020/5/1,48.93703461,49.58000183,50.31000137,49.16699982,49.75,2793500
2020/5/4,49.2232666,49.86999893,49.93999863,49,49.27000046,3721800
2020/5/5,49.47989655,50.13000107,50.70000076,50.02999878,50.27999878,2261500
2020/5/6,49.34171677,49.99000168,50.63000107,49.97000122,50.54000092,2486000
2020/5/7,50.26952362,50.93000031,51.11999893,50.56000137,50.72999954,3207200
2020/5/8,51.18746185,51.86000061,51.93000031,51.25,51.54999924,4640700
2020/5/11,51.21707535,51.88999939,52.25,51.42399979,51.54000092,2269700
2020/5/12,50.22017288,50.88000107,52.13999939,50.86999893,52.04999924,13806400
2020/5/13,49.36145782,50.00999832,50.99000168,49.33000183,50.84999847,4338800
2020/5/14,49.89445496,50.54999924,50.54999924,49.05799866,49.59000015,3219800
2020/5/15,50.58536911,51.25,51.25,49.88999939,50.13999939,3938600
2020/5/18,51.65137482,52.33000183,52.61000061,51.66999817,51.81999969,2852300
2020/5/19,51.64150238,52.31999969,52.93000031,52.08000183,52.25999832,5526800
2020/5/20,53.0727005,53.77000046,53.90000153,53.04000092,53.08000183,4532500
2020/5/21,52.69762421,53.38999939,54.18000031,53.33000183,54,4016100
2020/5/22,53.0134697,53.70999908,53.79999924,53.09000015,53.36999893,3870900
2020/5/26,53.16152954,53.86000061,54.79000092,53.77999878,54.74000168,3651100
2020/5/27,53.53659821,54.24000168,54.24000168,52.89500046,53.90000153,5946600
2020/5/28,53.03321075,53.72999954,54.59999847,53.59999847,53.77000046,4074500
2020/5/29,53.31945419,54.02000046,54.16999817,53.14500046,53.70000076,6113400
2020/6/1,53.93140793,54.63999939,54.72000122,53.79000092,53.88999939,6930100
2020/6/2,54.14855576,54.86000061,54.88000107,54.06999969,54.70000076,3468600
2020/6/3,54.31635284,55.02999878,55.20500183,54.83000183,55,3217000
2020/6/4,53.91167068,54.61999893,55.11000061,54.22000122,54.88000107,2235300
2020/6/5,54.79012299,55.50999832,55.90000153,54.97999954,54.99000168,2784300
2020/6/8,55.81663895,56.54999924,56.59000015,55.36999893,55.52000046,3216000
2020/6/9,55.67845917,56.40999985,56.66999817,56.11000061,56.25,3549200
2020/6/10,55.51066208,56.24000168,56.79999924,55.86000061,56.75999832,2638100
2020/6/11,52.95425034,53.65000153,55.34000015,53.52999878,54.95999908,4669100
2020/6/12,53.41815186,54.11999893,55.02999878,53.11000061,54.83000183,4944200
2020/6/15,54.27687836,54.99000168,55.18000031,53.24000168,53.33000183,4114300
2020/6/16,54.72103882,55.43999863,56.11000061,54.65000153,56.09000015,4335600
2020/6/17,54.79012299,55.50999832,55.93000031,55.06999969,55.56000137,2621400
2020/6/18,54.96779251,55.68999863,55.72999954,55.27000046,55.40000153,4696300
2020/6/19,54.8197403,55.54000092,56.36000061,55.13000107,56.36000061,4740400
2020/6/22,54.94039917,55.54999924,55.63000107,55.18600082,55.38000107,1995800
2020/6/23,55.29644775,55.90999985,56.47999954,55.70999908,55.90999985,4896900
2020/6/24,54.05027771,54.65000153,55.84999847,54.15000153,55.72000122,7736200
2020/6/25,54.28764343,54.88999939,55.00999832,54.06999969,54.61000061,4779400
2020/6/26,51.89419556,52.47000122,54.61000061,52.36999893,54.56000137,6241400
2020/6/29,52.85355377,53.43999863,53.43999863,51.92499924,52.18000031,3508300
2020/6/30,53.44696808,54.04000092,54.20000076,53.16999817,53.41999817,2815900
2020/7/1,54.77226639,55.38000107,55.59000015,54.18000031,54.22000122,5156500
2020/7/2,54.5942421,55.20000076,55.97000122,55.11999893,55.88000107,2252800
2020/7/6,55.69205856,56.31000137,56.38999939,55.65000153,55.81999969,2082200
2020/7/7,55.53382111,56.15000153,56.97999954,56.07400131,56.16999817,2392300
2020/7/8,56.02833176,56.65000153,56.75,55.79499817,56.22000122,3106800
2020/7/9,56.09756088,56.72000122,56.95000076,55.83000183,56.88999939,3453700
2020/7/10,57.06681061,57.70000076,57.74000168,56.37799835,56.68000031,2429100
2020/7/13,55.91953278,56.54000092,58.41500092,56.34999847,58.15999985,2954700
2020/7/14,56.47338867,57.09999847,57.15999985,55.72499847,55.97000122,3719800
2020/7/15,56.80966187,57.43999863,57.66999817,56.81999969,57.34999847,3089200
2020/7/16,56.90856552,57.54000092,57.61999893,56.72999954,56.93999863,2216700
2020/7/17,56.77999115,57.40999985,57.58000183,56.81000137,57.54999924,1928900
2020/7/20,57.4624176,58.09999847,58.22999954,56.84999847,57.31000137,2205300
2020/7/21,57.18548965,57.81999969,58.52999878,57.65999985,58.47999954,2228100
2020/7/22,57.2448349,57.88000107,57.92499924,57.46500015,57.81000137,1528700
2020/7/23,56.31514359,56.93999863,58.13000107,56.63999939,57.99000168,2271200
2020/7/24,56.22613144,56.84999847,57.02600098,56.25999832,56.54999924,3291800
2020/7/27,56.61185837,57.24000168,57.31999969,56.75799942,57.06000137,1556100
2020/7/28,56.02833176,56.65000153,57.29000092,56.56000137,57.08000183,1818100
2020/7/29,56.54262161,57.16999817,57.32500076,56.72000122,56.93000031,1720600
2020/7/30,56.7008667,57.33000183,57.43000031,56.34999847,56.63000107,2202100
2020/7/31,57.49208832,58.13000107,58.38000107,57.23500061,58.38000107,2741700
2020/8/3,57.54154205,58.18000031,58.34999847,57.75799942,58.27999878,2335700
2020/8/4,57.90747833,58.54999924,58.56000137,58.15999985,58.15999985,2829100
2020/8/5,57.81847,58.45999908,58.81000137,58.29000092,58.72000122,1874200
2020/8/6,59.34156799,60,60.06000137,58.45000076,58.54999924,2277200
2020/8/7,59.27233124,59.93000031,60.88000107,59.43000031,59.84999847,2525900
2020/8/10,59.07452774,59.72999954,60.45999908,59.15000153,59.90999985,4230300
2020/8/11,58.19429779,58.84000015,60.01499939,58.72000122,59.65999985,3121200
2020/8/12,58.88661575,59.54000092,59.90999985,59.16999817,59.16999817,6266000
2020/8/13,59.18332672,59.84000015,60.26800156,59.56900024,59.59999847,1707300
2020/8/14,59.17343521,59.83000183,60.00999832,59.63000107,59.88999939,1205100
2020/8/17,59.24266815,59.90000153,60.06000137,59.68999863,60.06000137,1179400
2020/8/18,59.77673721,60.43999863,60.63000107,59.79499817,60.06000137,1353100
2020/8/19,59.60860443,60.27000046,60.93999863,60.13000107,60.49000168,2143500
2020/8/20,60.35037613,61.02000046,61.09000015,59.99499893,60.02999878,7930600
2020/8/21,60.08333588,60.75,61.06999969,60.54000092,60.88000107,2003100
2020/8/24,60.81521988,61.49000168,61.75999832,61.11299896,61.18999863,3340600
2020/8/25,61.38884735,62.06999969,62.17499924,61.36000061,61.50999832,4156100
2020/8/26,63.48559189,64.19000244,64.26000214,62.18000031,62.20000076,3234100
2020/8/27,62.71414948,63.40999985,64.15399933,63.16500092,64.15000153,5037200
2020/8/28,62.86249924,63.56000137,63.65999985,63.22999954,63.56999969,1819300
2020/8/31,62.56579208,63.25999832,63.68999863,63.16999817,63.5,2728400
2020/9/1,63.08008194,63.77999878,63.93700027,63.11999893,63.38000107,4703000
2020/9/2,64.42516327,65.13999939,65.33999634,63.88999939,64.15000153,4321700
2020/9/3,62.23941422,62.93000031,64.70999908,62.18500137,64.55999756,7536500
2020/9/4,61.10202789,61.77999878,62.95999908,60.16999817,62.61000061,10039900
2020/9/8,59.48992157,60.15000153,61.01499939,60.02000046,60.25999832,8138700
2020/9/9,60.20201874,60.86999893,61.45000076,60.22000122,60.97000122,4940700
2020/9/10,59.31189728,59.97000122,61.70000076,59.79000092,61.24000168,4882100
2020/9/11,59.12398529,59.77999878,60.51300049,59.11999893,60.34000015,5509000
2020/9/14,59.35145569,60.00999832,61.13000107,59.97999954,60.43000031,3241600
2020/9/15,60.40971375,61.08000183,61.36999893,60.47999954,60.65999985,2024000
2020/9/16,59.75695801,60.41999817,61.56000137,60.31999969,61.08000183,2368600
2020/9/17,58.65913773,59.31000137,59.84000015,58.58000183,59.36999893,4600500
2020/9/18,58.09539413,58.74000168,59.68000031,57.95999908,59.65000153,4665400
2020/9/21,57.41548538,57.93000031,58.11999893,57.06499863,57.68000031,7845700
2020/9/22,58.5255394,59.04999924,59.16999817,58.02000046,58.45999908,2304600
2020/9/23,57.1280632,57.63999939,59.29000092,57.47000122,59.16999817,3913000
2020/9/24,57.23708725,57.75,58.29000092,57.18000031,57.27999878,2944900
2020/9/25,58.00025177,58.52000046,58.72100067,57.22999954,57.68000031,1879800
2020/9/28,58.77331924,59.29999924,59.50999832,58.84999847,59.40000153,2016800
2020/9/29,58.83279037,59.36000061,59.59500122,59.02999878,59.36999893,3249100
2020/9/30,58.87243271,59.40000153,60,59.06999969,59.41999817,2884000
2020/10/1,59.7148819,60.25,60.38499832,59.79999924,59.88999939,7536600
2020/10/2,58.5354538,59.06000137,59.90000153,58.81999969,59.27999878,3320200
2020/10/5,59.49682999,60.02999878,60.06000137,59.34999847,59.43000031,2122200
2020/10/6,58.2480278,58.77000046,60.06999969,58.66999817,59.75,2198400
2020/10/7,58.67420959,59.20000076,59.38000107,58.65000153,59.27999878,2063400
2020/10/8,59.4373703,59.97000122,60,59.50999832,59.50999832,1352300
2020/10/9,59.79417419,60.33000183,60.40999985,60.08000183,60.27999878,1838300
2020/10/12,61.37004471,61.91999817,62.58000183,60.98500061,61.22000122,3935600
2020/10/13,61.42951202,61.97999954,62.31000137,61.68999863,62.24000168,2581900
2020/10/14,60.6960907,61.24000168,62.29000092,61.06000137,62.24000168,1999800
2020/10/15,60.23026276,60.77000046,60.90999985,60.25,60.50999832,1700200
2020/10/16,60.24017334,60.77999878,61.40000153,60.68500137,61.16999817,2932200
2020/10/19,59.15985489,59.68999863,61.19499969,59.46500015,61,3320800
2020/10/20,59.58603668,60.11999893,60.63999939,59.56999969,59.81999969,4365000
2020/10/21,60.58706665,61.13000107,61.70000076,60.70999908,60.86000061,3262000
2020/10/22,60.98351288,61.52999878,61.67200089,60.71500015,61.33000183,2492900
2020/10/23,61.55836105,62.11000061,62.13000107,61.27999878,61.74000168,1839900
2020/10/26,60.2104454,60.75,61.86000061,60.17499924,61.56999969,2771500
2020/10/27,60.59697723,61.13999939,61.31000137,60.63499832,60.99000168,1582100
2020/10/28,58.21829987,58.74000168,60.13999939,58.65999985,60.06999969,4236400
2020/10/29,59.68515396,60.22000122,60.78499985,59.15000153,59.43999863,3172900
2020/10/30,58.67420959,59.20000076,60.72999954,58.56999969,60.36999893,3421000
2020/11/2,58.64447403,59.16999817,60.16999817,58.68099976,59.63000107,3668600
2020/11/3,59.51665878,60.04999924,60.56999969,59.40999985,59.63000107,3494500
2020/11/4,62.08366013,62.63999939,63.11000061,61.63000107,61.72999954,4571200
2020/11/5,63.28290558,63.84999847,64.29000092,63.25999832,63.70999908,3258000
2020/11/6,63.13424683,63.70000076,63.88999939,63.00999832,63.88999939,5735300
2020/11/9,62.59904099,63.15999985,64.84999847,63.11999893,64.66000366,6021600
2020/11/10,62.40081406,62.95999908,63.15999985,61.86000061,62.45999908,12894000
2020/11/11,62.96575165,63.52999878,63.61000061,63.20000076,63.40000153,5063100
2020/11/12,62.60894394,63.16999817,63.84000015,62.93999863,63.49000168,7035900
2020/11/13,63.54059982,64.11000061,64.20999908,63.27000046,63.63000107,1661300
2020/11/16,63.94695663,64.51999664,64.59500122,64.08999634,64.12999725,4772300
2020/11/17,63.71900558,64.29000092,64.59999847,63.97000122,64.22000122,3483100
2020/11/18,63.07477188,63.63999939,64.43000031,63.63000107,64.25,2470000
2020/11/19,63.46130753,64.02999878,64.16999817,63.27999878,63.36999893,3390400
2020/11/20,63.31263733,63.88000107,64.36000061,63.86999893,64.08000183,1876300
2020/11/23,63.34237671,63.90999985,64.23500061,63.27999878,64.11000061,2190900
2020/11/24,64.64073944,65.22000122,65.27999878,64.02999878,64.08000183,2179000
2020/11/25,64.63082886,65.20999908,65.36000061,64.64199829,65.34999847,1693300
2020/11/27,65.04709625,65.62999725,65.83999634,65.30000305,65.51999664,1229900
2020/11/30,64.81913757,65.40000153,65.48000336,64.72000122,65.48000336,3617300
2020/12/1,66.00848389,66.59999847,67.05000305,65.73999786,65.81999969,3888900
2020/12/2,66.62298584,67.22000122,67.41999817,66.19000244,66.51000214,2380800
2020/12/3,66.32563782,66.91999817,67.45999908,66.79000092,67.15000153,2129300
2020/12/4,66.38510895,66.98000336,67.12000275,66.76999664,66.91999817,1997000
2020/12/7,66.80137634,67.40000153,67.58499908,66.80000305,66.91999817,1981800
2020/12/8,66.70227051,67.30000305,67.38999939,66.78500366,67.33000183,1712800
2020/12/9,65.90937805,66.5,67.80999756,66.05999756,67.38999939,5494600
2020/12/10,65.94902039,66.54000092,66.65000153,65.5,66.12999725,2287400
2020/12/11,66.34547424,66.94000244,67.04000092,66.34999847,66.44000244,2668300
2020/12/14,66.1373291,66.73000336,67.59999847,66.68000031,67.12000275,2622800
2020/12/15,66.68244934,67.27999878,67.27999878,66.41000366,67.05999756,1604200
2020/12/16,66.62298584,67.22000122,67.44999695,66.96099854,67.38999939,3249300
2020/12/17,66.45449829,67.05000305,67.61499786,66.89499664,67.47000122,2437600
2020/12/18,66.51396179,67.11000061,67.32499695,66.58000183,67.20999908,4397800
2020/12/21,65.94513702,66.43000031,66.55000305,65.41999817,66.20999908,4508500
2020/12/22,65.32966614,65.80999756,66.43000031,65.41000366,66.43000031,2041900
2020/12/23,65.70689392,66.19000244,66.65000153,65.87000275,66.04000092,1671200
2020/12/24,65.77637482,66.26000214,66.52999878,66.03500366,66.26000214,859700
2020/12/28,66.95769501,67.44999695,67.55000305,66.58999634,66.80000305,2806600
2020/12/29,66.89813232,67.38999939,67.73000336,67.30999756,67.61000061,1502000
2020/12/30,66.45142365,66.94000244,67.65000153,66.90000153,67.65000153,2151800
2020/12/31,66.98748779,67.48000336,67.58999634,66.86000061,66.86000061,2274200
2021/1/4,65.99477386,66.48000336,67.79000092,65.68000031,67.75,4456800
2021/1/5,66.2330246,66.72000122,66.90000153,66.25,66.31999969,2184600
2021/1/6,65.91536713,66.40000153,66.84999847,65.48000336,65.69000244,3904200
2021/1/7,66.78894043,67.27999878,67.59999847,66.58999634,66.69999695,2202600
2021/1/8,66.99739838,67.48999786,67.54000092,66.68000031,67.30999756,4993100
2021/1/11,65.80615997,66.29000092,66.88999939,66.15000153,66.51000214,2202900
2021/1/12,64.74396515,65.22000122,66.51000214,64.86000061,66.19000244,14316600
2021/1/13,64.97229004,65.44999695,65.76999664,65,65.19000244,3685300
2021/1/14,64.60499573,65.08000183,65.81999969,64.97499847,65.56999969,2543300
2021/1/15,64.81346893,65.29000092,65.59999847,64.78500366,65.08999634,4829000
2021/1/19,65.98484802,66.47000122,66.62999725,65.31999969,65.73999786,4431500
2021/1/20,68.0595932,68.55999756,68.87000275,67.58000183,67.80000305,4614800
2021/1/21,68.30776978,68.80999756,69.19999695,68.62999725,68.84999847,2393900
2021/1/22,68.33755493,68.83999634,69.09500122,68.58000183,68.73999786,1979400
2021/1/25,68.7346344,69.23999786,69.61000061,68.31999969,69.29000092,4084400
2021/1/26,69.66777039,70.18000031,70.30000305,69.16999817,69.16999817,3038300
2021/1/27,67.41432953,67.91000366,69.76999664,67.44000244,69.58000183,7709600
2021/1/28,67.65258789,68.15000153,69.37000275,68.12000275,68.51999664,6688200
2021/1/29,66.39185333,66.87999725,67.87000275,66.44000244,67.73000336,4555200
2021/2/1,67.63273621,68.12999725,68.43000031,66.94000244,67.47000122,3135100
2021/2/2,68.66513824,69.16999817,69.54000092,68.44999695,68.58000183,2010300
2021/2/3,69.58834839,70.09999847,70.68000031,69.65799713,70.26999664,2848300
2021/2/4,70.00528717,70.51999664,70.52999878,69.83000183,70.23000336,2639900
2021/2/5,70.88879395,71.41000366,71.5,70.90000153,70.91000366,1849400
2021/2/8,71.16674805,71.69000244,71.83000183,71.13999939,71.75,5201000
2021/2/9,71.40499878,71.93000031,72.30999756,71.38999939,71.51000214,6044200
2021/2/10,72.08003998,72.61000061,72.83000183,71.59999847,72.58000183,2494500
2021/2/11,72.15944672,72.69000244,72.76000214,72.05999756,72.76000214,1860100
2021/2/12,72.46718597,73,73.08999634,72.54000092,72.59999847,1573900
2021/2/16,72.8146286,73.34999847,73.84500122,73,73,1997000
2021/2/17,73.02310181,73.55999756,73.62000275,72.79000092,72.91999817,1976400
2021/2/18,72.66572571,73.19999695,73.48999786,72.66300201,73.05999756,2019900
2021/2/19,71.95098877,72.48000336,73.41000366,72.37999725,73.41000366,2500000
2021/2/22,71.6631012,72.19000244,72.86000061,71.73999786,71.79000092,2168100
2021/2/23,72.2190094,72.75,73,70.5,71.54000092,4639200
2021/2/24,72.34806061,72.87999725,73.05999756,71.80000305,72.01000214,4004600
2021/2/25,70.76966095,71.29000092,73.44999695,71.01999664,72.91000366,5492600
2021/2/26,71.04763031,71.56999969,72.875,71.05000305,71.69000244,5379400
2021/3/1,72.86426544,73.40000153,73.59999847,72.22000122,72.51999664,4196100
2021/3/2,72.32820892,72.86000061,73.87000275,72.80999756,73.41999817,4647700
2021/3/3,71.29579926,71.81999969,73.09500122,71.63999939,72.76999664,4724000
2021/3/4,71.16674805,71.69000244,73.15000153,70.80999756,71.80999756,8581100
2021/3/5,72.83448029,73.37000275,73.58999634,71.38999939,72.30000305,11937300
2021/3/8,71.8616333,72.38999939,73.87000275,72.33999634,73.43000031,8332000
2021/3/9,72.66572571,73.19999695,73.83000183,73.01000214,73.55000305,8758100
2021/3/10,72.97346497,73.51000214,74.11000061,73.12999725,74.11000061,5704600
2021/3/11,74.35331726,74.90000153,75.35500336,74.06999969,74.23000336,3256900
2021/3/12,74.14485931,74.69000244,74.79000092,74.04000092,74.30000305,3106500
2021/3/15,74.67098236,75.22000122,75.26499939,74.54000092,74.87999725,3338900
2021/3/16,75.45520782,76.01000214,76.59999847,75.41999817,75.65000153,3802800
2021/3/17,75.4651413,76.01999664,76.30999756,74.73999786,75.43299866,4617200
2021/3/18,74.21434021,74.76000214,75.79000092,74.68000031,75.09999847,5529800
2021/3/19,74.85960388,75.41000366,75.80000305,74.79000092,74.87999725,9243200
2021/3/22,75.48908997,75.91000366,76.41999817,75.13999939,75.48999786,5225800
2021/3/23,74.93218994,75.34999847,76.25499725,75.22499847,75.83000183,4294800
2021/3/24,73.04271698,73.44999695,75.34999847,73.43000031,75.34999847,4263400
2021/3/25,72.68471527,73.08999634,73.63999939,72.51999664,73.04000092,3846200
2021/3/26,71.88916016,72.29000092,73.33000183,71.01999664,73.12999725,4204600
2021/3/29,72.62505341,73.02999878,73.30999756,72.04000092,72.26999664,4274000
2021/3/30,72.62505341,73.02999878,73.19000244,72.70999908,73.02999878,2660300
2021/3/31,72.91345215,73.31999969,73.76999664,73.05000305,73.33000183,3857400
2021/4/1,74.16646576,74.58000183,74.62999725,73.98000336,73.98000336,4549600
2021/4/5,75.72775269,76.15000153,76.25499725,74.94000244,74.94000244,3970000
2021/4/6,75.91670227,76.33999634,76.56999969,75.97000122,76.12999725,2523500
2021/4/7,76.50343323,76.93000031,77.00900269,76.36000061,76.36000061,2347700
2021/4/8,76.51338196,76.94000244,77.38999939,76.69200134,77.33000183,2891400
2021/4/9,76.4934845,76.91999817,76.97499847,76.36000061,76.63999939,2324100
2021/4/12,76.18520355,76.61000061,76.73500061,76.26000214,76.69999695,2234300
2021/4/13,76.28465271,76.70999908,77.16000366,76.59999847,76.83000183,2891100
2021/4/14,75.49903107,75.91999817,76.66999817,75.76000214,76.63999939,3939200
2021/4/15,76.46365356,76.88999939,77.09999847,76.33000183,76.44000244,4523500
2021/4/16,76.41392517,76.83999634,77.13999939,76.55000305,77.09999847,3378100
2021/4/19,75.98631287,76.41000366,77.05999756,76.01000214,76.63999939,3188300
2021/4/20,75.57859039,76,76.47000122,75.43000031,76.26999664,3535200
2021/4/21,75.70786285,76.12999725,76.15000153,75.08999634,75.55999756,7034100
2021/4/22,75.15097809,75.56999969,76.46499634,75.29000092,76.30999756,3532900
2021/4/23,76.02609253,76.44999695,76.66999817,75.73799896,75.90000153,2741900
2021/4/26,76.18520355,76.61000061,76.75,76.41999817,76.61000061,2767100
2021/4/27,75.87693024,76.30000305,76.87000275,76.20999908,76.73000336,4684900
2021/4/28,76.57304382,77,77.84999847,76.93000031,77.33999634,3355400
2021/4/29,78.69123077,79.12999725,79.22000122,78.25,78.80999756,4816200
2021/4/30,77.61723328,78.05000305,78.41000366,77.91999817,78.15000153,3819500
2021/5/3,77.20948792,77.63999939,78.4489975,77.55000305,78.36000061,3861300
2021/5/4,76.51338196,76.94000244,77.44999695,75.80999756,77.20999908,6848700
2021/5/5,76.36420441,76.79000092,77.65000153,76.69499969,77.41000366,3829000
2021/5/6,77.25921631,77.69000244,77.70999908,76.58000183,76.69999695,5321700
2021/5/7,77.84594727,78.27999878,78.64499664,77.90000153,78.26999664,3636400
2021/5/10,76.35425568,76.77999878,77.91999817,76.72499847,77.88999939,4043500
2021/5/11,76.13547516,76.55999756,76.75,75.55999756,75.65000153,9642100
2021/5/12,74.64379883,75.05999756,76.08000183,74.83999634,75.62000275,5624800
2021/5/13,75.18080139,75.59999847,76.26000214,75.12999725,75.52999878,7711900
2021/5/14,76.66253662,77.08999634,77.25,76.15000153,76.27999878,3257000
2021/5/17,76.05593109,76.48000336,77.12999725,75.98000336,77.06999969,3006100
2021/5/18,75.28025055,75.69999695,76.70999908,75.68000031,76.47000122,2438200
2021/5/19,75.39958191,75.81999969,75.87000275,74.54000092,74.61299896,4936800
2021/5/20,76.69237518,77.12000275,77.28500366,76.01999664,76.19999695,3504500
2021/5/21,76.433815,76.86000061,77.5,76.81999969,77.48000336,4452000
2021/5/24,77.82605743,78.26000214,78.45999908,77.29000092,77.44000244,3020000
2021/5/25,77.8061676,78.23999786,78.79000092,78.08000183,78.68000031,3079300
2021/5/26,78.31333923,78.75,79.08000183,78.30999756,78.47000122,4644900
2021/5/27,78.61167145,79.05000305,79.23899841,78.71499634,78.84799957,4462100
2021/5/28,78.3531189,78.79000092,79.30000305,78.71099854,79.26999664,2834100
2021/6/1,78.40283966,78.83999634,79.22000122,78.45999908,79.08000183,3301400
2021/6/2,78.16416931,78.59999847,79.09999847,78.20500183,78.98999786,2782000
2021/6/3,77.63710785,78.06999969,78.28800201,77.58999634,78.05000305,2812300
2021/6/4,78.7509079,79.19000244,79.30000305,78.26999664,78.38999939,2333200
2021/6/7,79.15862274,79.59999847,79.63999939,78.98000336,79.05999756,3321100
2021/6/8,78.92990875,79.37000275,79.81999969,78.98000336,79.81999969,3325100
2021/6/9,78.8503418,79.29000092,79.86000061,79.25,79.73000336,5168000
2021/6/10,79.27796173,79.72000122,79.84500122,79.08000183,79.37000275,2470300
2021/6/11,79.36746216,79.80999756,79.85500336,79.44000244,79.83999634,3729100
2021/6/14,79.89452362,80.33999634,80.36000061,79.63999939,79.87000275,2733200
2021/6/15,79.43707275,79.87999725,80.55000305,79.74299622,80.41000366,3085700
2021/6/16,78.74095917,79.18000031,80.04000092,78.51000214,80.04000092,4691900
2021/6/17,79.06912231,79.51000214,79.97000122,79.04000092,79.06999969,4556300
2021/6/18,78.14427948,78.58000183,79.23999786,78.45999908,79.15899658,6194800
2021/6/21,78.90242004,79.19999695,79.26000214,78.27999878,78.62000275,3274400
2021/6/22,79.57985687,79.87999725,79.98999786,79.05000305,79.27999878,4690300
2021/6/23,79.50016785,79.80000305,80.22000122,79.73500061,79.80999756,4669000
2021/6/24,80.24734497,80.55000305,80.58999634,80.12999725,80.18000031,3430900
2021/6/25,80.34697723,80.65000153,80.73999786,80.375,80.52999878,5843400
2021/6/28,81.25354767,81.55999756,81.66000366,80.58899689,80.83999634,3553900
2021/6/29,80.81520844,81.12000275,81.65000153,80.89499664,81.56999969,4272900
2021/6/30,80.66577148,80.97000122,81.19000244,80.68000031,81.05000305,2533700
2021/7/1,81.26351166,81.56999969,81.68000031,80.84999847,80.87000275,5227500
2021/7/2,81.83137512,82.13999939,82.25499725,81.73500061,81.87000275,4347500
2021/7/6,81.63212585,81.94000244,82.38600159,81.19000244,82.27999878,3829500
2021/7/7,81.51257324,81.81999969,82.31999969,81.62999725,82.31999969,3651700
2021/7/8,80.61595917,80.91999817,81.29000092,80.51999664,80.76999664,5237000
2021/7/9,81.33325195,81.63999939,81.76100159,80.94000244,80.94999695,2914300
2021/7/12,81.91107941,82.22000122,82.26000214,81.5,81.80999756,3568600
2021/7/13,81.70186615,82.01000214,82.64499664,81.93000031,82.13999939,3979100
2021/7/14,81.64208221,81.94999695,82.54000092,81.86000061,82.48000336,3459600
2021/7/15,81.06427002,81.37000275,82.05000305,81.02999878,82.05000305,4500500
2021/7/16,80.55618286,80.86000061,81.72000122,80.76000214,81.48999786,3509300
2021/7/19,79.33080292,79.62999725,80.22000122,79.26000214,80.20999908,6896900
2021/7/20,80.22742462,80.52999878,80.82499695,79.47499847,79.90000153,4111800
2021/7/21,80.89490509,81.19999695,81.20500183,80.55999756,80.59999847,2612700
2021/7/22,81.17385864,81.48000336,81.5,80.81999969,81.19000244,2254800
2021/7/23,83.18626404,83.5,83.72899628,82.06999969,82.43000031,3872500
2021/7/26,83.61464691,83.93000031,83.95500183,83.26999664,83.40000153,3189800
2021/7/27,82.6184082,82.93000031,83.91000366,82.31999969,83.83000183,4857500
2021/7/28,83.26596832,83.58000183,84.18000031,83.19999695,83.80999756,7295300
2021/7/29,82.36934662,82.68000031,83.31999969,82.63999939,83.04000092,5291200
2021/7/30,82.09039307,82.40000153,82.93499756,82.02999878,82.16999817,2999500
2021/8/2,81.90111542,82.20999908,82.83000183,82.05999756,82.75,3988200
2021/8/3,81.53250122,81.83999634,82.25,80.91000366,82.23999786,4860500
2021/8/4,81.76163483,82.06999969,82.26999664,81.58999634,81.95999908,3864600
2021/8/5,82.50881958,82.81999969,82.83499908,82.11000061,82.30999756,2261300
2021/8/6,82.50881958,82.81999969,83.05000305,82.61000061,82.65000153,2764400
2021/8/9,82.35938263,82.66999817,82.81999969,82.38999939,82.80999756,2367800
2021/8/10,82.51878357,82.83000183,82.91999817,82.47000122,82.75,6254400
2021/8/11,82.67817688,82.98999786,83.08499908,82.68000031,82.98999786,2457600
2021/8/12,82.82762146,83.13999939,83.18000031,82.47000122,82.90000153,2269000
2021/8/13,82.87742615,83.19000244,83.44999695,83.125,83.34999847,2144600
2021/8/16,83.01690674,83.33000183,83.34999847,82.25,82.90000153,3483200
2021/8/17,82.32949829,82.63999939,83.12999725,82.09999847,82.79000092,5941400
2021/8/18,81.70186615,82.01000214,82.91999817,81.95500183,82.44999695,3041200
2021/8/19,81.71182251,82.01999664,82.38999939,81.41999817,81.5,4409800
2021/8/20,82.41915894,82.73000336,82.85800171,81.83000183,82,4143100
2021/8/23,83.41540527,83.73000336,84.08000183,82.83999634,82.83999634,3062200
2021/8/24,83.68438721,84,84.32700348,83.73000336,83.91000366,3132700
2021/8/25,83.81389618,84.12999725,84.31999969,83.84999847,84.02999878,3835100
2021/8/26,83.0866394,83.40000153,84.19999695,83.40000153,84.06999969,3279800
2021/8/27,84.40167999,84.72000122,84.86000061,83.43000031,83.58999634,3437200
2021/8/30,84.97950745,85.30000305,85.48000336,84.41500092,84.69999695,2734700
2021/8/31,85.2983017,85.62000275,85.80999756,85.16999817,85.26999664,6091000
2021/9/1,85.72668457,86.05000305,86.35500336,85.75,85.76000214,3723200
2021/9/2,85.14886475,85.47000122,86.23999786,85.31999969,86.12000275,3229300
2021/9/3,85.14886475,85.47000122,85.61499786,85.10500336,85.33999634,2799000
2021/9/7,85.34810638,85.66999817,85.83000183,85.26999664,85.47000122,4117500
2021/9/8,84.90976715,85.23000336,85.76000214,84.94999695,85.51999664,3808500
2021/9/9,84.49134064,84.80999756,85.36000061,84.67500305,85.08000183,4114400
2021/9/10,83.94341278,84.26000214,85.26000214,84.21499634,85.12999725,5100900
2021/9/13,84.15261841,84.47000122,84.88999939,84.05000305,84.81999969,5291600
2021/9/14,83.42536163,83.73999786,84.79000092,83.59999847,84.69000244,5467600
2021/9/15,83.83382416,84.15000153,84.29799652,83.01499939,83.72000122,4996700
2021/9/16,83.75411987,84.06999969,84.33000183,83.46499634,84.04000092,3856600
2021/9/17,82.82762146,83.13999939,84.02999878,82.78399658,83.83999634,9970600
2021/9/20,81.16304779,81.33000183,82.04000092,80.30999756,81.91999817,8942900
2021/9/21,80.8237381,80.98999786,82.12999725,80.93000031,81.87999725,6469700
2021/9/22,80.78382111,80.94999695,81.37999725,80.58999634,80.73999786,6815400
2021/9/23,81.61211395,81.77999878,82.18000031,81.16999817,81.30999756,3989400
2021/9/24,82.28073883,82.44999695,82.60500336,81.30000305,81.41000366,4402100
2021/9/27,82.27076721,82.44000244,82.68000031,81.76000214,82.01000214,3459700
2021/9/28,80.26489258,80.43000031,81.80999756,80.30999756,81.61000061,8982600
2021/9/29,80.19503784,80.36000061,81.29000092,80.25,80.81999969,5467100
2021/9/30,79.94554901,80.11000061,80.94999695,80.09999847,80.61000061,10771000
2021/10/1,81.29277802,81.45999908,81.82499695,80.16999817,80.52999878,7308600
2021/10/4,79.53638458,79.69999695,80.94999695,79.08100128,80.90000153,9449000
2021/10/5,80.72394562,80.88999939,81.31999969,79.91000366,79.98000336,3316100
2021/10/6,80.86365509,81.02999878,81.08999634,79.73000336,80.08000183,6599900
2021/10/7,81.2129364,81.37999725,82.14499664,81.31999969,81.72000122,4263900
2021/10/8,80.81376648,80.98000336,81.63999939,80.87999725,81.52999878,2732400
2021/10/11,79.5962677,79.76000214,80.94999695,79.73000336,80.63999939,3590000
2021/10/12,78.85778046,79.01999664,79.83899689,78.73999786,79.76999664,7990700
2021/10/13,79.22702789,79.38999939,79.65000153,78.90000153,79.51999664,4690400
2021/10/14,80.34472656,80.51000214,80.63999939,79.95999908,80.12999725,3614600
2021/10/15,80.15511322,80.31999969,80.80000305,80.19999695,80.77999878,3100400
2021/10/18,80.77384186,80.94000244,80.95999908,80.05999756,80.22000122,2975400
2021/10/19,81.55224609,81.72000122,81.73000336,81.16000366,81.36000061,2460300
2021/10/20,81.71191406,81.87999725,82.11000061,81.59999847,81.91000366,2934600
2021/10/21,81.95142365,82.12000275,82.16000366,81.55999756,81.84999847,2681200
2021/10/22,80.21498871,80.37999725,81.19999695,79.98000336,80.87999725,3131000
2021/10/25,80.56427765,80.73000336,80.73000336,79.69000244,80.13999939,3225100
2021/10/26,79.84575653,80.01000214,81.16999817,79.62999725,81.06999969,6559500
2021/10/27,79.62620544,79.79000092,80.61000061,79.68499756,79.88999939,5846000
2021/10/28,79.88567352,80.05000305,80.51999664,79.34999847,79.84999847,3589100
2021/10/29,80.13516235,80.30000305,80.44000244,79.76000214,79.87000275,2845100
2021/11/1,80.26489258,80.43000031,81.05999756,80.20500183,80.58000183,4124600
2021/11/2,80.27487183,80.44000244,80.77500153,79.97499847,80.63999939,3982100
2021/11/3,80.56427765,80.73000336,80.76000214,79.76000214,80,2834100
2021/11/4,80.88362122,81.05000305,81.41999817,80.68000031,80.98000336,6281800
2021/11/5,81.53227997,81.69999695,82.34999847,81.61000061,81.76000214,3237100
2021/11/8,81.17301941,81.33999634,82.11000061,81.26000214,82.11000061,3171700
2021/11/9,80.97343445,81.13999939,81.66999817,80.75,81.51999664,3920900
2021/11/10,80.05532074,80.22000122,81.01999664,79.91000366,80.73000336,4074900
2021/11/11,79.89564514,80.05999756,80.51999664,80.01499939,80.23000336,2046900
2021/11/12,81.06324768,81.23000336,81.30000305,80.16000366,80.45999908,3240200
2021/11/15,81.29277802,81.45999908,81.91000366,81.25,81.45999908,2319200
2021/11/16,80.68402863,80.84999847,81.44000244,80.80000305,81.29000092,2383200
2021/11/17,80.37466431,80.54000092,81.01999664,80.44300079,80.83999634,7330300
2021/11/18,79.79585266,79.95999908,80.37000275,79.62999725,80.34999847,3335900
2021/11/19,79.52641296,79.69000244,80.48000336,79.56999969,80.29000092,6857100
2021/11/22,78.55840302,78.72000122,80,78.70999908,79.80000305,4517100
2021/11/23,78.34883118,78.51000214,78.93000031,77.94999695,78.56999969,5080500
2021/11/24,78.45861053,78.62000275,78.72499847,77.90000153,78.30000305,4243100
2021/11/26,77.02156067,77.18000031,77.86499786,77.11000061,77.86000061,4963000
2021/11/29,77.6802063,77.83999634,78.19999695,77.375,78.05000305,6518700
2021/11/30,75.21527863,75.37000275,77.52999878,75.28500366,77.52999878,10423700
2021/12/1,73.47884369,73.62999725,76.66000366,73.58999634,76.44999695,9392300
2021/12/2,74.71630859,74.87000275,75.17500305,73.76000214,73.91000366,7579100
2021/12/3,74.54664612,74.69999695,75.36000061,73.73000336,75.23000336,8986900
2021/12/6,75.77412415,75.93000031,76.11499786,74.83000183,75.12000275,7739200
2021/12/7,76.55252838,76.70999908,77.08000183,76.48000336,76.73000336,4549200
2021/12/8,77.1113739,77.26999664,77.46499634,76.64499664,76.91999817,9484400
2021/12/9,76.50263214,76.66000366,77.49500275,76.48000336,77.05000305,4065500
2021/12/10,76.5425415,76.69999695,77.27999878,76.12000275,77.12999725,4255100
2021/12/13,76.14337158,76.30000305,76.94999695,76.06500244,76.61000061,4980800
2021/12/14,75.94377899,76.09999847,76.23999786,75.33000183,75.43000031,7010600
2021/12/15,76.74213409,76.90000153,76.98500061,74.91300201,75.91999817,6693200
2021/12/16,76.63236237,76.79000092,77.69000244,76.55000305,77.08000183,7365300
2021/12/17,76.32300568,76.48000336,77.07499695,75.81999969,76.29000092,9883700
2021/12/20,75.79000092,75.79000092,75.83999634,75.08000183,75.55999756,4487000
2021/12/21,77.23000336,77.23000336,77.32499695,75.98000336,76.15000153,5198200
2021/12/22,77.41999817,77.41999817,77.62999725,76.90000153,77.05999756,3267000
2021/12/23,78.11000061,78.11000061,78.37000275,77.48000336,77.51999664,2383200
2021/12/27,78.87000275,78.87000275,79.04499817,78.33999634,78.34999847,2667600
2021/12/28,78.83000183,78.83000183,79.54499817,78.71499634,78.95999908,3214700
2021/12/29,78.44000244,78.44000244,79.06999969,78.19300079,78.87000275,3775600
2021/12/30,78.76999664,78.76999664,79.19000244,78.61000061,78.62999725,4483500
2021/12/31,77.68000031,77.68000031,78.87000275,77.65499878,78.56999969,5689100
2022/1/3,78.22000122,78.22000122,78.51000214,77.80000305,77.86000061,11984800
2022/1/4,78.05000305,78.05000305,78.73000336,77.62000275,78.52999878,11729100
2022/1/5,76.08999634,76.08999634,78.44000244,76.06999969,78.05999756,19325400
2022/1/6,76.43000031,76.43000031,77.37999725,75.88999939,76.12999725,14641300
2022/1/7,76.44000244,76.44000244,76.95999908,76.15000153,76.43000031,7882800
2022/1/10,75.95999908,75.95999908,75.98000336,74.23000336,75.70999908,9446100
2022/1/11,76.91000366,76.91000366,76.91999817,75.48999786,75.88999939,6813400
2022/1/12,77.01000214,77.01000214,77.44000244,76.62999725,77.19000244,5666800
2022/1/13,76.20999908,76.20999908,77.37000275,76.07499695,77.19999695,6354100
2022/1/14,76.55999756,76.55999756,76.62000275,75.53500366,75.54000092,6608600
2022/1/18,75.62999725,75.62999725,76.62000275,75.47499847,76.5,5903000
2022/1/19,75.5,75.5,76.66899872,75.4509964,75.84999847,6647000
2022/1/20,74.75,74.75,76.83000183,74.66500092,75.94000244,7335300
2022/1/21,72.22000122,72.22000122,74.19499969,72.19000244,73.77999878,14330900
2022/1/24,72.75,72.75,72.83999634,69.48000336,71.09999847,18812500
2022/1/25,71.26000214,71.26000214,72.22000122,70.62000275,71.54000092,9180300
2022/1/26,70.22000122,70.22000122,72.34999847,69.51000214,72.34999847,12982900
2022/1/27,70.30000305,70.30000305,71.75,70.18000031,70.72000122,9541500
2022/1/28,72.30999756,72.30999756,72.33000183,70.19999695,70.47000122,6249500
2022/1/31,73.94999695,73.94999695,74,71.81999969,72.30000305,6105900
2022/2/1,74.58999634,74.58999634,74.69000244,73.37999725,74,6284100
2022/2/2,76.08000183,76.08000183,76.56999969,75.26000214,76.56999969,5357300
2022/2/3,70.98999786,70.98999786,72.48999786,70.84999847,71.69999695,9281100
2022/2/4,71.16999817,71.16999817,71.75499725,69.98000336,70.72000122,6674800
2022/2/7,69.93000031,69.93000031,71.40000153,69.75499725,71.34999847,4843500
2022/2/8,69.90000153,69.90000153,70.14499664,69.36000061,69.66000366,6073900
2022/2/9,71.87000275,71.87000275,71.88999939,70.63999939,70.70999908,6325600
2022/2/10,70.83999634,70.83999634,72.10500336,70.51999664,70.87999725,6571600
2022/2/11,69.30999756,69.30999756,71.19000244,69.05999756,70.80000305,7357800
2022/2/14,69.31999969,69.31999969,69.76000214,68.77999878,69.23000336,5342600
2022/2/15,70.29000092,70.29000092,70.33000183,69.69999695,70.05999756,4291900
2022/2/16,69.80000305,69.80000305,69.94999695,68.94999695,69.36000061,4556400
2022/2/17,67.94000244,67.94000244,69.36000061,67.89499664,69.22000122,7516700
2022/2/18,67.41000366,67.41000366,68.58499908,67.20999908,68.13999939,7513300
2022/2/22,66.72000122,66.72000122,67.79499817,66.25,67.05999756,8859500
2022/2/23,65.59999847,65.59999847,67.31999969,65.55000305,67.16000366,6548700
2022/2/24,67.44000244,67.44000244,67.58000183,64.02999878,64.06999969,10993400